dirt,3043758,70,1
bred,6363365,91,1
singly,2798265,37,1
ride,11384863,119,1
asking,15241637,150,1
truth,61250825,169,1
foul,1522556,63,1
lust,2061456,72,1
loss,149727375,210,1
fears,7504102,79,1
nuns,1223144,46,1
apex,6369573,63,1
half,179947617,239,1
khan,2530167,151,1
died,74127435,187,1
peer,3091573,72,1
park,22372138,243,1
otto,865569,104,1
grab,3058823,81,1
beta,1318253,102,1
giant,1820579,140,1
push,10861105,130,1
came,220969077,232,1
pike,1320675,103,1
pity,6796890,80,1
dave,558252,85,1
reach,50059755,241,1
verb,5080905,212,1
bearing,33760794,195,1
taxing,1208298,45,1
doings,2167687,37,1
toil,2157987,59,1
date,162707818,231,1
heavy,8152975,205,1
dyes,1243078,47,1
coup,2542095,70,1
axis,22719002,196,1
load,26647192,210,1
clear,48020068,230,1
width,27096942,195,1
glen,849150,100,1
send,38113213,246,1
nash,711674,119,1
logs,3878399,59,1
gill,1020640,126,1
perth,876745,52,1
ready,81591119,159,1
pour,7735402,121,1
erie,3554000,99,1
call,105411703,287,1
sigh,3915676,72,1
linn,326313,73,1
town,85210610,221,1
swan,887328,104,1
male,9251421,198,1
bend,7156601,111,1
worn,9560752,115,1
ramp,1343225,46,1
tens,7498547,61,1
sunk,6011189,62,1
peking,1385162,64,1
tail,8069320,142,1
union,64645551,241,1
cuts,9423097,131,1
torn,4598826,105,1
roof,12555528,114,1
ongoing,643019,110,1
fast,19463741,204,1
four,42973030,281,1
reads,10922956,178,1
sale,111900396,186,1
damn,6960289,103,1
treat,16275065,201,1
lobe,3205640,64,1
slip,9602719,104,1
cups,3710320,68,1
tall,2702717,131,1
piping,1421705,55,1
disk,4719315,112,1
hemp,717067,48,1
hook,5269422,130,1
wearing,7689724,113,1
asian,766049,94,1
mayo,525525,75,1
string,9639569,153,1
bass,1812857,120,1
swinging,2187277,50,1
tips,6824828,63,1
grim,450265,61,1
term,75163961,289,1
drug,11352858,147,1
rico,3078295,101,1
viking,167745,54,1
maps,11104911,144,1
pier,2976835,81,1
leading,56789417,208,1
will,1184996758,303,1
trial,49980040,187,1
myths,2512089,44,1
temp,461518,65,1
luis,889354,75,1
crab,608149,48,1
drum,3523686,103,1
over,573632208,308,1
tomb,6693830,75,1
spot,19473213,154,1
only,573955946,312,1
sake,25103673,119,1
harp,1127218,64,1
beard,2154450,107,1
yard,10115225,147,1
syria,2122695,75,1
rush,10106632,118,1
mixing,7542492,110,1
miss,11628484,252,1
echo,5351187,105,1
hiding,3913058,50,1
boxing,698944,45,1
clean,15728592,173,1
lump,3260924,49,1
keith,820204,113,1
clay,9360109,149,1
sowing,2216651,46,1
land,121358326,262,1
fide,720978,86,1
gale,1505277,110,1
drew,16231733,136,1
pale,4220753,114,1
used,659583613,289,1
chat,1031536,78,1
bald,406125,59,1
gold,20453865,216,1
dose,19197583,156,1
sent,121671987,255,1
theme,18947732,104,1
warn,3454795,86,1
lien,10292314,128,1
boring,1624523,67,1
plow,1525846,54,1
take,229965904,290,1
ways,85609367,176,1
main,14358831,237,1
throw,12854170,128,1
hole,18805174,181,1
judy,335727,80,1
seen,173848441,265,1
diet,10672753,122,1
dome,3352555,76,1
fungi,1859013,49,1
bomb,2724600,74,1
much,319320699,281,1
find,143473098,293,1
host,15956603,159,1
watt,892335,104,1
jail,4420645,77,1
riots,2259584,42,1
vest,2957473,81,1
test,68583732,246,1
reef,1798998,62,1
tone,20602587,145,1
lost,59092449,219,1
acting,40399587,163,1
dies,5401052,107,1
wool,5555439,121,1
arts,14858587,172,1
beds,14937672,114,1
task,45762885,136,1
beast,3485507,78,1
aims,17970832,64,1
tech,713932,110,1
pore,675307,65,1
toys,1541490,64,1
plum,454887,67,1
cass,551134,85,1
tiny,672387,129,1
irving,870999,102,1
jour,843357,77,1
lots,24830997,101,1
free,73676746,262,1
shri,88171,88,1
sits,6804934,61,1
sure,70475338,218,1
herb,962748,62,1
brian,814302,108,1
sown,4337281,56,1
many,240816556,294,1
theory,112592654,184,1
boom,3953011,90,1
miami,1340912,101,1
rating,8953067,114,1
heir,10398789,112,1
utah,3026391,129,1
leave,106313448,256,1
shop,13045891,150,1
pays,7865497,120,1
amos,524999,80,1
nays,1250724,40,1
ending,18516535,198,1
pull,14774897,131,1
boil,2613526,52,1
care,118340500,228,1
eyed,2593363,94,1
peel,1725676,74,1
aged,3034616,154,1
hawk,1115963,86,1
trying,130340970,96,1
link,14395160,185,1
beet,533351,65,1
iron,22863359,205,1
iraq,3020505,76,1
amen,638955,71,1
deed,20732010,121,1
loop,6684316,131,1
kate,1072099,88,1
canoe,1316196,50,1
vain,6156088,100,1
bare,3590073,138,1
steal,2921603,78,1
dust,10365553,129,1
grid,3789236,85,1
sack,2793412,77,1
lyon,1063676,108,1
facing,16158266,158,1
beer,5069251,108,1
poll,2265929,78,1
says,77658171,283,1
riding,9421496,93,1
teams,6552343,67,1
rail,6241976,137,1
boyd,996428,127,1
hangs,2544351,45,1
golf,1155446,72,1
tenth,9702383,105,1
mast,1426394,80,1
rising,16460836,153,1
wars,9083542,94,1
fade,1197339,39,1
tent,4169119,105,1
grip,6778018,65,1
dale,1200739,133,1
rust,1794482,84,1
knox,1530628,104,1
making,148018459,280,1
roar,3884953,57,1
brings,19353700,134,1
ment,14294992,164,1
gift,28260106,134,1
gram,3368627,117,1
ship,27082345,200,1
type,199924828,276,1
oval,2418857,58,1
olds,1731514,50,1
anti,1193707,222,1
draw,26358948,227,1
rock,19968211,192,1
club,20052916,187,1
whip,2464673,66,1
city,209569515,275,1
thumb,3149312,58,1
chip,2140971,88,1
love,94847915,237,1
cult,5334143,57,1
meats,860253,56,1
born,88719237,211,1
teach,17308596,166,1
teeth,13624647,135,1
meet,89517957,273,1
hearing,47646696,194,1
cell,17581347,203,1
slot,2704362,81,1
arms,29244920,182,1
tale,13269825,132,1
cold,12637458,196,1
ends,39751809,145,1
feel,52393801,203,1
owes,3065180,60,1
flux,6400498,143,1
rare,9309726,175,1
know,174308713,277,1
other,106383141,309,1
fame,7552706,134,1
play,60845192,220,1
blow,13906114,121,1
swung,3118049,39,1
rope,4669241,103,1
wish,90557207,160,1
mama,879478,98,1
corn,10073051,160,1
trap,4354363,114,1
sons,24482950,173,1
clue,4766159,44,1
once,106211891,256,1
feast,7845847,76,1
winged,407949,51,1
sort,95697796,142,1
onion,788518,53,1
citing,3439745,144,1
come,264646096,246,1
anger,8430949,93,1
sane,667804,74,1
learn,38626422,165,1
cane,2819895,99,1
flip,1098481,46,1
foil,1825828,76,1
ahead,30501300,119,1
eliot,1174955,64,1
heed,3923499,64,1
soap,2549477,75,1
smith,20550252,258,1
sore,1369153,83,1
comb,1363269,63,1
calm,4674071,93,1
saving,17100073,135,1
pick,27914731,121,1
bulk,20910235,140,1
lose,14737137,155,1
saith,6111834,70,1
lend,4042627,85,1
able,308778434,185,1
dumb,1224629,70,1
ruin,7395919,91,1
calf,1828227,83,1
thigh,1231580,47,1
diving,843255,46,1
think,261221071,275,1
tate,775907,97,1
stop,41508223,216,1
lied,2262017,65,1
ache,1320308,47,1
body,125845383,243,1
vein,7145296,121,1
sess,127670,35,1
upon,587241333,303,1
rank,20454868,142,1
dive,976178,46,1
tons,42843595,165,1
emma,914199,98,1
seem,124408899,152,1
bent,10208243,121,1
pres,666805,110,1
kind,216400922,194,1
nice,8983013,152,1
howe,1534016,112,1
join,35601110,230,1
bleak,270488,38,1
pass,46581524,211,1
typing,1963403,58,1
gary,754890,105,1
joys,2525012,43,1
ayes,212953,30,1
bart,395673,71,1
nest,6135398,103,1
pose,4493798,73,1
idiot,778819,57,1
soup,2044640,62,1
noun,2632081,143,1
video,3552542,107,1
lions,1391241,66,1
pits,2697123,64,1
songs,10893496,115,1
loaf,1816875,49,1
talk,54693183,162,1
spring,33938462,216,1
boss,3574118,115,1
rise,96482776,161,1
urging,4886587,75,1
plead,2429249,59,1
joke,2788430,68,1
brow,2751118,71,1
jane,2195646,158,1
neck,12282158,137,1
stir,8926072,77,1
thread,6872482,99,1
maya,571321,70,1
burr,699115,76,1
peace,38073558,182,1
nova,435849,88,1
acre,10525282,137,1
hand,157623813,287,1
eric,1021656,106,1
exam,1483730,67,1
seams,1968998,34,1
scan,3464002,81,1
boot,1540011,79,1
week,54816990,227,1
pens,1515360,55,1
wary,2502125,43,1
edge,54998960,200,1
marc,425641,79,1
along,172873454,264,1
html,337914,40,1
hood,3054374,112,1
bile,1033875,57,1
mann,1200351,143,1
open,105141407,240,1
hugo,776350,76,1
fool,5090040,107,1
true,63156138,262,1
unto,26508531,168,1
boys,16125682,154,1
skin,19311574,158,1
heard,91150314,251,1
during,627742429,284,1
halt,4357263,71,1
noon,6409437,114,1
atom,7283554,117,1
slid,2759622,34,1
beef,3626987,89,1
baking,1621649,46,1
troy,2328564,107,1
wont,4687550,63,1
prey,5535844,67,1
volt,524088,70,1
berg,631210,127,1
side,232375710,259,1
gene,4813802,176,1
knot,3312570,67,1
time,777000642,308,1
paul,13102023,249,1
more,262930521,308,1
lays,2565014,55,1
eden,1435854,103,1
ones,19992912,155,1
wife,51849359,248,1
thorn,1262198,96,1
fire,42801868,206,1
fair,19924995,199,1
knob,1332293,47,1
beans,2644797,83,1
dogs,6773900,115,1
jews,13997445,109,1
girl,20503089,173,1
made,790202164,299,1
poems,12752591,107,1
wade,1033985,102,1
young,19733778,282,1
fell,31860465,155,1
adds,10121603,134,1
fill,33018388,153,1
disc,3971186,108,1
range,140018790,243,1
duty,111117723,201,1
webb,1213282,129,1
ryan,1445626,140,1
pond,3864164,108,1
tick,879892,48,1
flax,870227,45,1
goat,1369654,74,1
herr,157861,72,1
pool,11866352,129,1
rats,4393021,110,1
five,36284367,268,1
soil,31776574,190,1
lawn,1916812,71,1
deny,15129368,115,1
cage,2421219,79,1
buying,7582171,117,1
book,142211676,264,1
cars,17142136,147,1
wipe,1829963,43,1
seating,1163709,45,1
nazi,214095,57,1
keep,110951455,264,1
peru,2488033,92,1
tier,2084084,80,1
hind,1554120,80,1
lynn,800360,118,1
shew,2580074,74,1
mill,13812649,178,1
swear,5669619,79,1
move,62217304,205,1
farm,20749816,187,1
list,132812467,209,1
prop,1469316,95,1
melt,3688808,70,1
lens,6405568,108,1
hero,9777016,131,1
anew,2119988,48,1
leasing,3204878,65,1
indo,85029,38,1
great,33752528,279,1
julia,899741,106,1
silk,3626162,99,1
mole,2414229,106,1
worth,34368071,202,1
vary,14679326,99,1
live,76453155,208,1
knee,3279416,78,1
yoke,2903122,58,1
keen,5178078,99,1
paid,147249657,240,1
waking,3236443,54,1
poets,5462758,101,1
ratio,58733058,240,1
tort,1659492,69,1
menu,3316718,75,1
solo,1009238,106,1
radio,7752666,162,1
labs,582506,60,1
cash,20021797,158,1
eddy,816849,80,1
also,404987053,313,1
cast,22196852,187,1
sign,49290882,200,1
idle,2890855,87,1
dick,1796799,136,1
dams,2523479,65,1
loud,3324115,117,1
rape,4238288,68,1
food,38079096,204,1
chef,1052260,78,1
slim,408561,62,1
code,60698473,221,1
oils,3729915,86,1
thine,1521895,74,1
pack,8265267,118,1
hint,9123240,66,1
hate,10051373,132,1
walt,171185,53,1
poly,400405,99,1
quod,1104360,110,1
means,270259335,258,1
moon,9168350,176,1
wash,10558355,165,1
flue,565575,43,1
glad,37412680,136,1
bite,4956943,81,1
pete,495908,69,1
deck,6651329,103,1
item,28360606,186,1
lisa,561629,88,1
peach,611415,63,1
coin,5638494,112,1
base,58446158,233,1
fist,1969749,65,1
moor,1054458,77,1
fees,16405990,135,1
vote,47663350,153,1
cows,4349358,85,1
dame,2608246,117,1
held,231481864,259,1
give,207305006,295,1
goethe,874663,58,1
bank,99430583,240,1
ageing,970553,56,1
mile,16041155,164,1
idol,1601686,57,1
fate,19079313,99,1
carl,718201,129,1
hose,2046250,79,1
stat,733354,92,1
wake,18128938,100,1
carr,974994,121,1
wrong,21615276,174,1
pulp,2938673,94,1
eased,1996686,40,1
racing,2125492,61,1
slag,1286547,54,1
colt,704486,60,1
wore,7282728,106,1
back,351247783,266,1
axle,1653978,57,1
memo,1881659,76,1
days,137291562,264,1
what,760725292,310,1
cruz,1539330,122,1
boon,2025899,87,1
urge,11322982,88,1
blue,10305036,200,1
knit,951191,53,1
fowl,1184313,52,1
taxi,1095083,65,1
down,353520374,286,1
rule,91237729,232,1
suit,32165345,172,1
reading,63986446,245,1
edith,451197,78,1
ally,3926087,91,1
tilt,2031268,56,1
vice,3818028,136,1
dove,1266354,99,1
pill,1027146,59,1
media,13058885,174,1
save,37755173,203,1
gets,14871683,157,1
ours,5953626,90,1
casing,2461301,63,1
hats,1670530,55,1
chap,1177346,80,1
holt,975671,126,1
ocean,9389246,143,1
bail,2604519,88,1
rose,33310080,215,1
whom,135349790,264,1
womb,1624514,40,1
copy,84485018,171,1
zone,24409135,180,1
prof,4706732,228,1
faith,48772167,162,1
spur,3384859,69,1
loam,2488018,65,1
oats,2186817,74,1
word,76349873,302,1
bugs,905932,38,1
pole,7514803,132,1
acid,31602949,209,1
fore,4286370,130,1
flying,6843228,140,1
eggs,11901557,129,1
hips,1282864,36,1
stay,39189567,155,1
mere,746805,192,1
foam,1600819,60,1
beating,5377924,72,1
cork,1849465,70,1
snap,2626905,53,1
crying,2886467,82,1
arab,915502,100,1
spec,405619,87,1
semi,268604,84,1
june,16532849,234,1
same,164714912,304,1
wolf,2865893,160,1
leaving,54268747,247,1
jake,633635,56,1
high,60253706,285,1
pleas,4150012,70,1
sail,5423135,113,1
sole,2202077,137,1
bust,2996883,68,1
were,502395799,311,1
kiln,1023393,42,1
kiss,8780349,106,1
grin,1735876,48,1
bowl,6311694,83,1
reel,1682066,86,1
work,456881643,288,1
bony,147308,40,1
seed,14331187,171,1
lent,5972889,110,1
naming,4338922,69,1
bark,6245890,93,1
soon,113448161,218,1
rest,112975263,203,1
sofa,1228422,48,1
tory,1200723,65,1
angle,30429744,239,1
exit,4343614,96,1
sire,1954244,77,1
ward,8552014,199,1
lips,9307323,101,1
maze,2430795,49,1
amid,9041426,59,1
mach,226097,65,1
prior,139547385,180,1
todd,857252,115,1
pious,585368,70,1
dealing,5075446,71,1
snow,8611365,141,1
weir,957518,83,1
wave,18989883,195,1
hume,1153688,88,1
loving,2748578,97,1
jack,5808039,190,1
drag,6237346,107,1
clan,1989936,77,1
liking,1952752,49,1
chin,3512010,171,1
hull,3214045,123,1
weed,1667837,87,1
oaths,2396482,50,1
milk,21118253,169,1
bread,8521199,127,1
filing,23184672,108,1
pitt,1249491,84,1
ages,18192454,134,1
info,871675,87,1
rent,17889549,165,1
fail,43877840,125,1
vols,660949,57,1
curb,2459185,56,1
rearing,2102597,46,1
ante,1468055,111,1
root,18459680,228,1
fixing,10539639,89,1
ruby,779699,79,1
bows,1354330,41,1
caps,2132605,65,1
dash,2786099,67,1
tour,14362123,123,1
bathing,1782894,45,1
situ,1312425,101,1
gore,917768,97,1
gray,7732220,199,1
alan,962725,118,1
joan,2060416,105,1
steam,10503964,143,1
neil,326363,72,1
veto,2900670,60,1
eager,13399036,72,1
aide,3799137,78,1
mare,1268361,102,1
pony,663820,45,1
bloc,1293971,51,1
eaton,722599,107,1
grow,25681269,157,1
drop,30950360,174,1
brig,480946,51,1
pigs,3305747,76,1
pearl,2234096,101,1
turf,1144115,53,1
baths,1992964,60,1
beach,9763179,156,1
limb,4717844,87,1
tube,17150504,181,1
site,52231993,220,1
rack,2558354,67,1
kerr,791010,112,1
germ,2204993,69,1
iran,2982069,95,1
beads,2462607,50,1
dunn,906963,127,1
gate,12052067,163,1
palm,4722336,98,1
wide,14444958,217,1
saul,1070234,85,1
alias,654802,132,1
ivan,724343,78,1
gilt,608585,74,1
cent,133347375,231,1
pair,47000032,183,1
part,820268706,280,1
frog,1172891,54,1
cock,2575425,80,1
west,68979757,251,1
penn,749686,90,1
ugly,1208706,68,1
hays,486127,76,1
mood,8004458,78,1
ripe,1278439,66,1
lamb,3426264,132,1
waving,2590878,48,1
vera,402921,96,1
tool,16965970,143,1
bone,9856208,152,1
mess,3844363,74,1
must,577989555,245,1
fork,5181328,95,1
leaks,1255999,30,1
raging,1128336,41,1
butt,2280859,88,1
sewing,1236113,44,1
card,12938764,181,1
army,47317957,210,1
zero,12088274,177,1
rags,1211633,40,1
dealt,2507814,56,1
lava,714467,61,1
news,30042694,208,1
spun,1899255,55,1
coil,5026502,120,1
data,114680330,261,1
norm,3955083,73,1
mouth,36382360,169,1
matt,717712,84,1
cool,7061813,138,1
maid,4079503,97,1
fury,3746880,58,1
lily,1658105,87,1
pears,1043446,52,1
gaming,671411,41,1
realm,14194783,68,1
jeff,415868,78,1
lone,341687,91,1
loom,1260931,39,1
hugh,2209286,119,1
well,519360111,278,1
onto,34218786,229,1
gulf,15150564,104,1
arcs,1331462,103,1
room,67650907,245,1
mats,1105028,61,1
weaving,2091534,50,1
flag,9097231,99,1
ever,39823304,235,1
mine,21494739,193,1
cans,2654466,67,1
heel,2567232,65,1
wait,11969578,131,1
rice,7341816,183,1
trim,2081339,78,1
coming,68098582,186,1
holy,2858104,141,1
mode,52394212,189,1
third,71855039,247,1
hale,1054047,122,1
bach,745094,96,1
booth,2542802,119,1
pans,1278903,57,1
xvii,819125,76,1
cobb,578898,87,1
nile,1378032,58,1
bore,11371409,131,1
duck,1379869,76,1
nothing,124630821,198,1
mont,626752,89,1
damp,1372366,56,1
react,6778737,57,1
levi,547568,101,1
sank,2829449,53,1
when,1288841721,316,1
uses,46156180,244,1
singer,2577586,140,1
make,316996566,302,1
gazing,4022605,41,1
cons,1670440,74,1
rome,14255779,167,1
duct,2401347,80,1
deem,4969401,64,1
tune,5964162,97,1
hare,1320055,135,1
even,462021126,292,1
fins,875331,59,1
guys,2774016,65,1
jose,2455631,113,1
guam,1038239,61,1
india,28115306,223,1
buds,2232286,56,1
axes,4541209,113,1
sink,5138130,91,1
junk,577644,48,1
owning,2586004,61,1
oaks,3822151,69,1
desk,6277497,86,1
lane,5510643,176,1
duly,555582,84,1
coding,2330473,50,1
ware,2208923,137,1
hide,8744306,96,1
told,130474569,276,1
paths,7474602,97,1
bags,5737405,82,1
face,117967825,242,1
barn,2358342,92,1
dyer,550451,92,1
dire,584508,91,1
timing,9426959,60,1
tell,119960563,250,1
bind,7818447,121,1
else,37655997,181,1
done,188215249,251,1
envy,3302792,61,1
hour,45944037,216,1
odor,3462937,53,1
shoes,5737625,101,1
ness,3300550,88,1
took,122441348,263,1
horn,4965013,160,1
hymn,3155896,65,1
hunt,5264901,166,1
such,862858098,296,1
herd,5386256,89,1
teen,336673,65,1
shit,1581822,75,1
beats,2294661,61,1
http,105072,26,1
step,60938773,201,1
bars,9110278,143,1
plug,5625735,71,1
paying,12874526,150,1
thick,7723103,181,1
crew,9127176,111,1
away,83130205,243,1
greg,312974,52,1
wilt,1184516,72,1
gave,104006289,275,1
sine,814394,100,1
lack,131290178,140,1
angel,5698643,120,1
fearing,2634598,50,1
kids,6077902,88,1
wind,17845927,175,1
been,313717889,305,1
hail,2489537,72,1
tubing,1724279,55,1
aiding,3010047,46,1
silt,998097,44,1
tire,2829903,117,1
mate,3338063,125,1
bury,3820750,87,1
sage,1687641,118,1
kirk,1185037,122,1
hast,1026750,92,1
chas,42007,39,1
role,164437077,157,1
full,85763884,265,1
there,1177631717,286,1
robe,2077956,75,1
nick,1475070,88,1
mall,1556426,96,1
moss,1824631,130,1
sets,40796960,222,1
losing,6115779,106,1
oral,2285536,129,1
mars,2193045,87,1
lazy,929612,62,1
tied,21321417,94,1
ideas,37127992,138,1
weld,1330641,79,1
isle,9721895,86,1
juan,3593769,142,1
dyeing,967229,38,1
euro,490728,71,1
shah,1598491,129,1
agar,852527,60,1
rate,232265935,263,1
some,430747561,307,1
kant,1442699,78,1
vase,1517318,52,1
oxen,994613,39,1
dots,1964135,41,1
pots,2740224,54,1
vast,1459814,130,1
hurt,12656728,162,1
harm,13897921,120,1
mass,55176167,240,1
earning,2127603,71,1
huts,1330686,34,1
kill,17640311,181,1
most,261884254,286,1
warp,903062,36,1
vivo,1333355,101,1
hire,5557604,114,1
meta,158148,64,1
hanging,8291131,73,1
shaw,2197793,163,1
film,20442702,195,1
null,724259,63,1
hits,3275887,70,1
meaning,94134393,178,1
visa,1309777,69,1
fading,1273146,48,1
saying,29395824,193,1
sued,6367056,80,1
levy,7529383,142,1
went,186816319,207,1
tile,1994087,99,1
exec,640868,43,1
hers,3017441,71,1
john,32631993,292,1
hearth,1376092,57,1
fake,742418,76,1
fuse,1533628,52,1
span,9107251,111,1
door,45091406,202,1
nail,2447174,79,1
conf,405182,60,1
doll,1011740,69,1
paving,2906331,53,1
diary,5872952,69,1
goal,36782369,120,1
hard,71142354,223,1
pipe,12501337,174,1
hell,11989165,132,1
brit,124230,68,1
vent,2596108,94,1
monk,2467673,103,1
korea,5142735,135,1
inch,20438933,195,1
dent,2026801,115,1
spit,2016554,57,1
shear,1735390,83,1
coat,11100435,122,1
nato,1451491,82,1
jazz,1240748,72,1
clung,4892216,26,1
jobs,15776674,116,1
wept,1019465,41,1
stem,7807611,184,1
jute,517745,43,1
reed,2717430,163,1
hogs,1639892,50,1
yuan,1299326,118,1
warm,9304428,150,1
runs,14809944,140,1
seeing,27401483,195,1
boat,12663646,152,1
deer,3212561,99,1
plus,21215107,254,1
living,71547851,202,1
fans,2820428,76,1
hall,28728401,242,1
sins,6550475,85,1
viii,3936307,132,1
dawn,7845252,98,1
adding,21181991,213,1
slab,2813559,61,1
taft,768583,70,1
guns,7627823,107,1
swings,1447488,40,1
bill,147246734,239,1
their,15815705,307,1
ford,4383844,179,1
birth,30379156,137,1
core,16068979,179,1
aiming,5641703,39,1
wire,12457544,173,1
lime,6294362,126,1
bona,159148,78,1
yarn,2243724,67,1
sears,456546,82,1
weary,4265437,82,1
figs,661508,60,1
quit,4977747,100,1
audio,1041374,74,1
fled,6994631,71,1
speak,67615059,181,1
gems,1278636,46,1
jury,22641535,132,1
toss,2218124,45,1
feed,16814041,173,1
tape,6091228,111,1
cease,12591789,67,1
deep,22608954,197,1
rick,404041,70,1
yeast,1481469,78,1
mating,1020581,45,1
sioux,446212,52,1
asks,7885840,132,1
among,241961893,282,1
race,25713939,165,1
ross,3323900,180,1
crow,1299163,91,1
helm,1225483,75,1
hive,1247244,46,1
mock,1824695,73,1
ants,1310801,55,1
ionic,227364,62,1
yale,1397956,88,1
longing,2982901,44,1
cloth,8468659,148,1
mold,2572718,56,1
lett,273983,61,1
fish,20530210,199,1
legs,9173243,120,1
fund,38813300,207,1
lading,1835808,43,1
those,227330034,282,1
view,220408741,231,1
plot,16400955,138,1
early,73260969,267,1
dish,4453418,81,1
clinging,4326633,28,1
dump,1558706,59,1
sect,2887663,80,1
meant,45156138,165,1
diem,1194867,68,1
fuel,12804997,162,1
ranging,4482104,68,1
last,55712940,282,1
glow,4774506,58,1
lucy,1189114,101,1
pact,2001684,59,1
forth,63480716,178,1
roll,17935240,152,1
hill,19496691,226,1
wealth,23928698,119,1
nine,13082702,220,1
lace,1788944,76,1
maria,2816600,175,1
font,1102491,75,1
peck,1316392,102,1
nuts,2441078,80,1
pets,813026,42,1
twin,823807,99,1
lore,1926579,63,1
weave,1177192,39,1
anne,3431636,145,1
line,170811932,286,1
cape,5326441,125,1
zinc,4384011,103,1
kick,3506479,75,1
text,51663715,191,1
cole,1585407,153,1
buys,1712848,64,1
flap,2055197,49,1
oven,4463128,79,1
laws,102206963,191,1
show,101222319,269,1
bade,1671936,69,1
less,50317162,262,1
cook,7996026,192,1
tony,838909,103,1
arid,960250,104,1
hans,556646,101,1
hens,932407,55,1
threat,30857052,87,1
luke,2416761,108,1
folk,2432257,114,1
foot,40104681,204,1
mesh,2094498,81,1
health,42962961,230,1
york,70015496,277,1
band,25052044,204,1
tame,981811,74,1
have,870832524,309,1
look,156403732,219,1
mail,18384716,207,1
mild,2957636,118,1
road,50755081,242,1
xiii,1698711,90,1
gaps,5465751,46,1
wrap,3109792,53,1
fern,506702,66,1
hyde,768342,95,1
woke,7476478,55,1
cart,2257602,78,1
pace,9074842,121,1
voting,11097549,94,1
good,106387465,289,1
wine,11031262,160,1
soda,2499570,81,1
skip,2182282,66,1
coping,622468,36,1
fred,874430,125,1
bake,2517291,51,1
hart,1812767,167,1
bird,10568672,166,1
surf,801678,55,1
user,12243244,133,1
least,86522485,264,1
noting,5341409,50,1
sweat,2412990,66,1
laid,36884793,164,1
prod,458866,58,1
dining,1224797,59,1
jaws,2210142,57,1
none,94344135,204,1
dare,7556339,120,1
mint,1939990,83,1
cream,7405068,116,1
owed,7402786,80,1
ideal,13189089,178,1
safe,15860921,160,1
bids,4117655,70,1
tank,8620809,138,1
felt,65326093,204,1
algae,1466877,40,1
mule,969612,59,1
grew,23016261,107,1
vine,1649492,78,1
nigh,1519161,65,1
late,50724520,258,1
wiring,1509596,49,1
feet,88280645,230,1
unit,55664842,233,1
pads,1232787,45,1
zoning,1357345,46,1
phil,619311,103,1
meek,474214,80,1
lydia,415426,66,1
cube,1770850,54,1
rand,1172012,108,1
gone,42419182,184,1
omit,3925063,82,1
next,71078082,262,1
mack,537837,105,1
burn,7591842,126,1
pile,10717192,91,1
grey,4331857,125,1
axial,389499,84,1
rude,1527790,78,1
writ,21127846,115,1
size,109269261,234,1
lets,3616304,88,1
iris,1124905,75,1
fold,7870310,114,1
kane,698882,111,1
pork,1432705,69,1
home,101424676,270,1
ginger,575157,64,1
java,1616365,78,1
slow,13047993,169,1
anon,685607,64,1
turn,82194013,219,1
best,87805742,269,1
rode,7061787,80,1
past,45342917,255,1
loan,21136024,159,1
bears,13708487,107,1
ball,13489772,178,1
knew,68626774,228,1
fact,129667865,276,1
drying,6681569,74,1
cost,221420115,256,1
comm,684403,100,1
bond,23051665,190,1
sees,17297043,159,1
belt,9247924,132,1
mask,5204080,86,1
cafe,1576764,85,1
chang,1587886,210,1
seek,33283525,163,1
bays,1330080,52,1
chen,2278689,206,1
camp,17866668,188,1
coma,729245,61,1
stead,1892881,70,1
clad,4311602,87,1
congo,1108101,78,1
ills,1515562,51,1
tears,10672723,102,1
sept,1090926,138,1
toll,3642586,93,1
poor,21399908,252,1
meals,4410431,74,1
bull,4514363,157,1
thief,1689294,58,1
spin,2928134,121,1
ibid,1022930,63,1
cheap,2337666,107,1
these,57648149,304,1
fuck,3410226,69,1
scar,1691704,56,1
rage,3811238,84,1
moving,31448377,186,1
mining,13663861,143,1
hair,16651524,164,1
bike,929636,46,1
eagle,2227126,106,1
tops,6286506,70,1
wall,42330825,207,1
navy,11003710,179,1
dans,4649723,88,1
wins,2268781,63,1
pure,4899045,234,1
bold,2845247,103,1
lord,44908825,250,1
aunt,2507095,124,1
form,323621236,290,1
theft,4784037,56,1
noah,670989,65,1
flung,2319131,48,1
from,2661611277,318,1
mute,755497,57,1
bolt,3038617,87,1
soul,27879192,149,1
wage,5938668,116,1
cove,1165932,77,1
sway,2712591,51,1
muse,1336879,80,1
help,127876391,267,1
andy,459127,72,1
dating,4233710,73,1
hears,3817413,79,1
gods,8328835,102,1
here,260901217,296,1
tags,1206859,40,1
deals,2382486,50,1
hold,79388151,233,1
length,120063231,237,1
veil,3629912,64,1
case,472441419,292,1
firing,6076317,96,1
fats,1190497,47,1
swim,2633146,57,1
bell,7382869,210,1
july,14199322,214,1
soft,4271781,172,1
hist,1942441,90,1
cues,1551962,43,1
blew,4220487,59,1
hope,74623927,209,1
paso,587404,69,1
eaten,6699564,85,1
bulb,2233756,59,1
finger,11803801,113,1
plan,99719616,239,1
risk,64885395,165,1
file,31039203,184,1
stud,1042085,89,1
arch,6161988,131,1
caring,1021614,43,1
firm,32114276,186,1
sums,16458041,107,1
lieu,16431502,75,1
ties,9586811,111,1
pest,1952113,55,1
pine,3707616,122,1
odds,2613064,49,1
akin,7283116,51,1
lungs,3586133,71,1
owen,1611244,144,1
giving,67302573,258,1
tuning,2392033,51,1
gain,33821092,199,1
kept,76785151,216,1
fits,5957327,78,1
haul,2592274,78,1
sealing,2355863,50,1
lima,986904,103,1
dusk,1491333,46,1
alas,2427630,67,1
mike,1178006,108,1
tore,3067342,65,1
need,267513874,240,1
leach,561364,95,1
fond,14294153,95,1
ether,3260053,101,1
comp,546990,92,1
till,58107676,226,1
wears,1959641,50,1
lake,19896664,218,1
tearing,2879329,37,1
sheath,1973346,51,1
aerial,351046,65,1
dark,10155833,187,1
lock,10423861,132,1
para,1652453,118,1
kent,3255860,155,1
flat,9951407,176,1
cone,3703989,128,1
left,176245505,282,1
evil,14410993,146,1
wild,3945171,170,1
cord,5134135,116,1
okay,3923639,110,1
cats,1901907,67,1
gage,2369318,95,1
angry,4750000,95,1
very,4445836,254,1
want,301901556,249,1
mary,11035056,229,1
single,7393237,279,1
thank,12933527,176,1
flew,5972851,82,1
lining,6216633,62,1
into,788113916,311,1
alex,896449,98,1
shed,4993055,85,1
lamp,6431087,112,1
beings,7701357,76,1
lease,20528183,139,1
wood,22373666,236,1
youth,17404874,154,1
anal,448069,71,1
gall,1036745,80,1
reno,387831,67,1
fort,8122736,175,1
tact,1042164,52,1
mini,270211,102,1
lady,19069475,218,1
obey,7192347,78,1
walk,24767252,146,1
bees,2862526,73,1
auto,1155690,106,1
alps,1379032,53,1
tree,26190610,200,1
said,390633510,312,1
buck,1614104,118,1
laying,8770873,87,1
wrath,4509006,60,1
biting,1157374,45,1
life,257751143,277,1
ruling,11181806,107,1
rich,19191742,212,1
dull,2389959,102,1
aids,10170025,98,1
gears,1607430,55,1
pope,6818871,153,1
sick,10395414,143,1
nose,8204535,114,1
flee,1974254,58,1
post,26070391,234,1
papa,1113539,105,1
sand,12481999,172,1
gangs,1497728,45,1
mice,3675101,90,1
threw,10730052,91,1
xxii,560539,52,1
fall,64845899,201,1
healing,5717977,83,1
sold,68708053,198,1
hoping,14050047,73,1
heart,66293273,215,1
dues,3635732,71,1
anglo,110552,48,1
refs,442424,35,1
vile,442001,66,1
dyed,1411386,46,1
jump,6983344,79,1
lies,41055133,155,1
gown,1767318,51,1
seals,3482873,76,1
ethyl,195348,57,1
pain,32542740,156,1
rosa,1020576,118,1
edit,2178149,70,1
slit,2098503,67,1
owns,4774626,79,1
taking,81072404,263,1
cite,6271022,102,1
beck,993598,120,1
node,5337855,149,1
yoga,1054767,42,1
tend,68034497,88,1
month,59851000,239,1
gait,923694,52,1
doom,1712185,60,1
mich,3953334,173,1
depth,51166387,191,1
coke,4013517,76,1
lame,702604,71,1
anna,1753854,149,1
leaning,4011418,55,1
cure,10175590,121,1
piano,2988863,99,1
curing,2078407,59,1
wits,1063802,54,1
dock,4145113,88,1
baby,8769105,142,1
just,244103019,281,1
busy,5613520,125,1
cave,5091278,119,1
heating,13891425,142,1
tuna,565490,57,1
acta,477878,81,1
breath,12793360,114,1
puts,19076495,120,1
wheat,10387575,150,1
coll,789839,108,1
vale,2283239,92,1
raid,3051962,61,1
sixth,7542659,133,1
duke,37816770,155,1
bits,9722051,89,1
cope,958730,87,1
seats,9397642,85,1
self,14084339,175,1
gaze,6918365,78,1
bush,4504627,140,1
reid,1360653,143,1
luck,5490837,105,1
dream,17770325,120,1
mica,985008,55,1
pink,3022496,106,1
north,75394577,233,1
beams,5142499,93,1
nets,2078659,64,1
like,416791024,314,1
spear,1740511,80,1
fine,19053210,247,1
glue,1826938,50,1
worm,2187236,75,1
dana,565270,92,1
shot,21405691,165,1
tread,2567900,54,1
char,638068,103,1
south,70528970,235,1
flow,57555777,217,1
huge,909742,157,1
pray,6995495,123,1
dual,1054730,120,1
lest,11728449,100,1
nave,1319821,72,1
mist,2148414,72,1
folio,1319227,84,1
cuba,4319329,99,1
debt,28475853,148,1
three,76434467,296,1
rain,9822654,144,1
fifth,15577259,163,1
mark,42074376,235,1
peaks,6128058,69,1
eyes,57110396,205,1
hiring,3115488,66,1
cake,3273140,88,1
game,24511132,169,1
pump,7538848,133,1
name,207998836,301,1
coal,26930838,194,1
note,91032814,255,1
ninth,2676595,86,1
daring,3406416,64,1
trip,20516326,135,1
pins,2366210,87,1
deaths,9920507,85,1
malt,798208,54,1
ribs,2509033,66,1
salt,14855479,178,1
tide,8737748,101,1
crop,20316769,145,1
sara,515189,94,1
epic,1959735,66,1
clip,1960293,58,1
adam,3773160,152,1
bait,1503099,71,1
years,317266221,282,1
diana,996215,94,1
bringing,27034663,170,1
tooth,3721356,91,1
star,12288460,204,1
sell,30243486,205,1
port,34674708,186,1
mind,90605704,230,1
cert,476415,56,1
dread,4801259,69,1
sour,734718,71,1
ores,3586587,77,1
page,28252581,256,1
jeans,633751,52,1
lift,11947329,146,1
void,9565180,112,1
shut,19834703,104,1
rods,3947385,106,1
jets,1527385,50,1
wise,13142852,177,1
acts,75664307,157,1
your,10461930,298,1
guru,760737,47,1
break,34595742,162,1
icon,2263502,54,1
vows,1775458,50,1
fringe,3013990,45,1
corp,7320084,233,1
rays,12559820,141,1
marx,1774478,94,1
rely,21879675,52,1
weep,1117562,47,1
heading,8958319,115,1
having,105493829,279,1
fare,3940289,104,1
leads,54298759,131,1
rows,13601358,95,1
areas,113259484,208,1
rash,1944317,66,1
jars,1650882,44,1
karl,606276,92,1
rite,2913870,80,1
keys,7349548,104,1
heads,30282960,149,1
pint,3557109,57,1
tray,2653878,63,1
alto,1957430,89,1
