aloft,129807,378,1
brine,265128,368,1
birds,3714276,1506,1
sweep,582693,884,1
stuck,399296,1156,1
reins,32633,93,1
cases,33826528,3120,1
setting,9606035,3023,1
adopt,650703,673,1
piped,37464,176,1
vince,21942,137,1
staging,441293,443,1
sized,1365882,455,1
title,7610720,1927,1
clips,200808,299,1
rinse,67673,164,1
widow,1018081,918,1
motto,145937,301,1
marty,44803,202,1
round,5053257,3954,1
sands,588621,565,1
snack,186074,220,1
flats,314078,468,1
raced,115993,398,1
stays,666843,848,1
mythic,46425,203,1
billing,503676,447,1
drake,221123,428,1
chose,1172883,1675,1
sieve,160611,214,1
rides,279930,521,1
heinz,95733,147,1
sinking,491967,738,1
anthem,64546,134,1
weakly,261513,536,1
paved,230076,509,1
voted,1625958,872,1
slice,234209,423,1
boxes,1265010,1074,1
edgar,335333,627,1
thorns,73621,209,1
learns,283885,514,1
scotia,8987,40,1
theses,479545,347,1
slime,164793,231,1
axons,168553,157,1
faced,2972388,1722,1
stating,1887561,1649,1
videos,342604,382,1
women,29898992,4169,1
super,614407,1020,1
rocking,129591,385,1
abusing,144030,176,1
beijing,411716,449,1
amend,256372,280,1
winds,3988289,922,1
dutch,883022,1148,1
store,3711431,1611,1
bitch,147410,246,1
germs,255347,319,1
brief,1653250,964,1
lives,6859406,2424,1
stump,221826,342,1
lingual,35535,133,1
glued,71639,177,1
luther,397391,847,1
darcy,41943,168,1
rules,16633349,2501,1
crete,43444,123,1
metro,202185,283,1
xxxvi,35474,53,1
dumas,55696,137,1
showing,8566913,4088,1
nodal,117664,244,1
blanc,29216,60,1
pruning,212089,300,1
shaft,3184305,911,1
fresh,2713210,2259,1
chile,420524,481,1
donee,46717,46,1
urban,3362145,2130,1
limbs,836158,694,1
peers,660531,678,1
watch,1882111,1353,1
shark,119272,269,1
woody,262682,394,1
coded,275751,431,1
petit,68510,184,1
worse,1634248,879,1
wagon,521555,510,1
rhine,40656,103,1
logic,4532839,1455,1
roots,2647575,1376,1
rotting,35395,173,1
carol,409904,639,1
fetch,41410,170,1
ponds,651993,392,1
agent,19561648,2085,1
tails,261585,379,1
ached,51886,52,1
irwin,168757,257,1
vases,341327,304,1
choke,73470,207,1
stick,698047,934,1
versa,114,1,1
arson,200858,214,1
erich,44655,134,1
gains,3321204,1455,1
owens,203555,237,1
salon,146441,230,1
mayor,656883,768,1
sober,281034,335,1
comic,400003,783,1
prize,2600673,1015,1
steve,448482,823,1
pending,2402532,1127,1
perez,88266,175,1
ducts,637583,318,1
fitting,693304,864,1
dreams,1740697,1385,1
isles,390027,175,1
signing,366886,569,1
elliot,141630,283,1
legion,4755978,186,1
dined,77987,268,1
lowry,47066,106,1
idaho,2232911,412,1
tents,366760,423,1
pills,312036,325,1
judas,99828,287,1
crows,84620,149,1
stein,1030270,275,1
frost,449019,687,1
begin,3277021,2620,1
cable,2889623,1345,1
cysts,538084,290,1
ghost,342198,702,1
aroma,248014,280,1
piaget,40588,142,1
liable,2086966,831,1
droit,3744,26,1
clues,508656,393,1
mills,2529512,1088,1
harsh,338129,596,1
freed,379959,743,1
motel,143625,288,1
chunk,33655,147,1
mayer,105064,218,1
agnes,283156,504,1
maine,3762031,597,1
raise,1006279,1382,1
under,179122577,10484,1
father,5211646,2480,1
mckay,77838,161,1
green,5930949,3059,1
stain,364656,522,1
shirt,717467,440,1
hogan,60457,149,1
wiser,72937,133,1
stowe,26271,93,1
treaty,5245005,829,1
posts,2695444,968,1
tacit,65769,209,1
halle,9768,55,1
nails,424463,438,1
cache,208369,325,1
risen,187052,172,1
flags,737319,585,1
undue,274795,381,1
scalp,85062,252,1
swarm,347112,375,1
locke,185615,462,1
nerve,3379621,1052,1
mitch,39688,171,1
renew,93201,233,1
maori,66938,315,1
bruce,785070,913,1
flowing,1045996,1087,1
easter,195372,382,1
grade,3636284,1381,1
boating,157416,255,1
bleed,70481,232,1
twins,229799,431,1
winning,297587,787,1
sprang,509235,1285,1
ration,681610,416,1
erwin,79255,169,1
laced,139386,292,1
shown,7641062,2859,1
ranks,1091756,1271,1
queer,112536,317,1
semen,110199,236,1
greet,66985,208,1
iodine,585733,460,1
letting,436960,1063,1
tells,2337412,2388,1
larva,223684,221,1
omaha,434897,293,1
vedic,27520,144,1
sally,305137,668,1
kinds,1639355,811,1
arabia,73285,135,1
radios,361527,261,1
purer,35394,91,1
spore,195965,285,1
septa,106316,145,1
downs,102215,184,1
angles,2649464,783,1
order,28301135,3297,1
footing,620538,321,1
fully,3929820,2921,1
avant,291567,290,1
denial,1220353,891,1
dries,49978,149,1
housing,10177681,1948,1
crimea,12758,33,1
lethal,279858,351,1
siren,36925,129,1
hopping,100964,219,1
shine,251942,536,1
burns,1059513,1019,1
sweet,1493669,1561,1
psalm,214840,244,1
moons,78881,100,1
audit,3373631,745,1
power,74557515,4409,1
marsh,548185,691,1
panic,735757,656,1
xxvii,78977,98,1
esther,228082,500,1
fanning,91392,221,1
snout,100271,130,1
lucky,180060,254,1
clown,58112,239,1
paris,2260393,1715,1
hints,894592,765,1
lopez,202823,233,1
speaking,15426446,2104,1
groan,168054,255,1
field,52176799,3758,1
warring,37359,141,1
corps,3582890,705,1
facto,2085,24,1
words,11118621,2766,1
halls,942091,535,1
ahmed,114801,180,1
hodge,88265,148,1
parol,107969,151,1
hardy,419141,603,1
alter,743389,1032,1
lands,7965709,1702,1
dreary,93557,126,1
devil,349562,446,1
walks,823667,998,1
doubt,1496358,913,1
valet,45402,129,1
bracing,117641,232,1
manly,116392,265,1
ville,95891,118,1
scale,9280052,2071,1
studs,117998,205,1
edema,886798,352,1
haute,16019,47,1
dough,141467,223,1
noisy,163676,409,1
mores,246451,175,1
boone,169133,230,1
stuff,1428138,1571,1
aster,58879,205,1
george,7576725,2888,1
walsh,1014344,311,1
plump,79035,153,1
robin,380124,689,1
baton,175715,242,1
shale,961797,473,1
banks,5136943,1611,1
sealed,896786,804,1
seamen,1732609,466,1
threats,2970058,1050,1
lover,976451,936,1
plots,1436859,1153,1
edged,270413,432,1
ranges,5419648,1823,1
shape,6634716,2122,1
ralph,925672,1029,1
guiana,28170,63,1
rates,48750541,1986,1
ovate,901519,196,1
forge,128851,232,1
fairs,227946,245,1
tampa,149793,202,1
bushy,57044,106,1
finding,4088963,2345,1
ferry,493760,477,1
simeon,78119,203,1
straw,350573,657,1
guise,217442,364,1
weber,318204,522,1
pores,446989,325,1
trait,865555,624,1
creole,184402,199,1
dated,3981506,1703,1
borer,33571,72,1
burgh,55341,71,1
blown,208072,475,1
lobed,196106,104,1
vista,133159,296,1
fades,117757,366,1
amply,159290,421,1
thither,653408,338,1
clubs,1837551,908,1
azure,89633,163,1
alpha,758168,835,1
feather,162716,417,1
evening,5006847,1112,1
shook,951930,1562,1
mater,42848,122,1
batch,335248,493,1
smiling,924855,1054,1
dylan,35750,205,1
shack,53843,121,1
fries,32906,84,1
mixer,973072,245,1
amelia,288223,331,1
pooling,140247,300,1
abate,94403,114,1
merit,2853245,981,1
juror,200108,185,1
appeal,5037672,1760,1
ruled,1000532,1093,1
famed,25265,147,1
doped,290095,151,1
jonas,81641,246,1
rayon,137157,156,1
libby,37422,173,1
norma,66356,215,1
stamp,712981,872,1
alert,953841,672,1
shock,4131074,1218,1
bound,4696751,2314,1
david,5344093,2642,1
edwin,598821,703,1
sucking,108478,391,1
steaming,69784,250,1
pablo,41429,154,1
soaps,312064,203,1
satin,205068,206,1
knows,6262025,2117,1
pitch,1624121,1044,1
leaped,154863,591,1
vowed,104077,279,1
anemia,370868,324,1
thomas,6691005,2547,1
plats,170712,151,1
combs,148615,262,1
rivet,52002,133,1
clone,112194,217,1
create,1717473,1580,1
evils,713059,467,1
socks,182022,198,1
santa,781693,1122,1
biases,738207,451,1
jolly,53202,145,1
shaky,82099,79,1
spoil,163898,331,1
latex,140959,251,1
catch,761218,1114,1
baked,206495,359,1
drier,123539,158,1
benin,49714,81,1
drank,241207,675,1
rains,619799,270,1
pines,560318,336,1
forming,2959234,2694,1
lawns,189202,262,1
bombing,525880,418,1
floyd,256305,370,1
spake,73805,198,1
shout,225060,418,1
jelly,190751,316,1
getting,2475218,2142,1
hearts,1063068,882,1
exxon,30145,135,1
brand,1275287,1352,1
astor,75663,72,1
rally,183825,348,1
diodes,152455,158,1
sword,688631,705,1
terra,133628,294,1
races,1741613,886,1
hearings,1414050,626,1
cobra,48668,112,1
sheer,69469,278,1
ounce,39972,44,1
waits,165187,471,1
thinly,93078,278,1
hasan,65069,75,1
kidding,8740,27,1
crease,43177,150,1
leaned,356475,913,1
bluff,192436,292,1
blood,12027949,2905,1
folds,695497,701,1
shaving,105027,247,1
craig,406575,563,1
rises,1512159,1752,1
short,8123743,3318,1
haven,463579,321,1
heathen,119035,317,1
dower,126503,174,1
widths,341357,232,1
fewer,1558993,1092,1
privy,124281,225,1
sperm,376200,493,1
knock,189370,406,1
might,37639161,8731,1
genus,768540,500,1
chant,559670,353,1
keeps,967824,1866,1
climb,319091,578,1
firms,10322746,1287,1
soaking,96877,223,1
snell,33767,71,1
canst,11358,49,1
ceases,1138320,1108,1
rulings,418415,368,1
lysis,148710,158,1
lodge,1663209,1018,1
crown,1244745,1369,1
thanks,2496798,1749,1
flute,236166,271,1
gypsy,58572,222,1
giants,403977,480,1
inset,27229,101,1
liter,20376,60,1
femur,222837,119,1
farce,181120,298,1
boxer,63981,145,1
vague,782825,578,1
glare,325479,506,1
aztec,33066,157,1
loses,738163,1332,1
paint,1667855,1183,1
stall,170424,401,1
humming,86343,282,1
terre,32686,91,1
odious,54451,146,1
syrup,322514,260,1
assam,86129,132,1
gland,2981019,363,1
pigeon,371676,284,1
denying,577315,640,1
charm,1318013,889,1
vivid,269226,440,1
malik,25509,89,1
axioms,148732,260,1
tipping,57157,226,1
marking,966391,1282,1
dirty,322187,684,1
enjoy,1300176,1059,1
pulls,172736,628,1
netting,345619,212,1
hoard,112464,202,1
judah,128913,286,1
fungus,217982,339,1
grout,77793,136,1
blake,350030,611,1
delta,557091,706,1
micro,1197741,1001,1
singles,87638,257,1
jason,220068,625,1
moore,1518485,906,1
pipes,1741387,815,1
angelo,59882,208,1
users,5754497,1340,1
wives,1325342,821,1
build,1813302,1473,1
cadet,81969,187,1
wendy,89952,286,1
hymns,581349,435,1
tires,773630,419,1
pedro,142345,368,1
basel,33927,94,1
piety,1020131,659,1
salad,466813,335,1
moose,90257,217,1
mouse,959812,724,1
tyler,271857,439,1
miles,4950387,1070,1
buggy,56340,99,1
alvin,120354,272,1
adapt,156056,337,1
thereof,20931486,1908,1
learnt,140312,361,1
yemen,100199,122,1
horse,2383171,1814,1
bureau,10227449,1064,1
lunch,1260702,614,1
sells,605263,651,1
baron,361556,705,1
orange,1645102,1302,1
loads,2432165,963,1
faire,29618,59,1
league,5088460,820,1
touring,297474,339,1
clive,83432,256,1
froze,148261,363,1
trace,1227227,1163,1
springs,10566569,1453,1
soils,4515843,1021,1
dried,1014787,973,1
beaker,77516,92,1
happy,1666728,1302,1
knots,246754,331,1
vivian,76312,257,1
apart,4381851,2402,1
sinks,226700,593,1
lynch,151669,277,1
itching,133260,200,1
corey,34080,105,1
tides,303588,356,1
domes,175703,297,1
canning,309039,430,1
violin,247246,283,1
fauna,823639,464,1
wishing,772206,1044,1
scout,154438,280,1
threads,995638,684,1
debit,275651,173,1
waltz,154311,195,1
sighs,130217,341,1
ceiling,833941,741,1
talks,1595924,1204,1
sobbing,82772,219,1
shoal,125145,200,1
glowing,153440,438,1
writing,7212792,2992,1
aware,1976273,936,1
swaying,89708,294,1
johns,320109,303,1
woods,1590865,1043,1
raising,1041118,1641,1
mailing,592124,477,1
echoing,108221,412,1
glaze,187616,215,1
color,5610959,2134,1
changing,1976774,1733,1
torah,56412,187,1
teaching,8132278,2016,1
teased,47510,193,1
ought,5293329,3394,1
eddie,123266,469,1
craving,183491,364,1
cheek,319825,399,1
borne,777602,854,1
mucus,678843,272,1
march,20584736,2496,1
nursing,5030915,1296,1
dimly,71213,211,1
xxiii,109473,131,1
scream,280570,333,1
nehru,207453,236,1
magic,785967,1097,1
rival,847762,883,1
blank,877495,898,1
holding,6393664,3473,1
faces,3300858,2094,1
claws,222517,289,1
grave,978331,1026,1
seems,12377442,5983,1
gauss,97943,128,1
visit,3556126,1511,1
worthy,1234582,1465,1
valid,1930880,766,1
paste,440753,442,1
spike,398742,478,1
lobby,602782,485,1
raged,151269,259,1
sandy,873785,832,1
tempo,264799,318,1
shave,24020,94,1
logan,324699,496,1
dikes,316599,236,1
burst,1042817,1703,1
handy,104934,332,1
glenn,470660,475,1
radii,232692,238,1
danny,120480,403,1
dairy,1368150,1005,1
knife,710964,614,1
skull,356989,527,1
dryer,84525,165,1
miner,227139,360,1
serbia,229572,235,1
passing,2643677,2636,1
grove,990408,526,1
paolo,33161,120,1
grows,1444053,1891,1
robes,443164,371,1
lansing,257603,251,1
epoch,569992,481,1
heron,63936,111,1
lupus,1237696,164,1
carving,186009,374,1
again,25455110,7755,1
jonah,46112,197,1
hopes,1459970,1473,1
cyril,94841,272,1
metal,7089065,2188,1
scrip,69335,105,1
digging,231416,615,1
damon,24813,138,1
roses,555611,508,1
huron,218869,138,1
waiting,2716229,2605,1
amiss,61862,81,1
alice,1074089,1092,1
onset,831784,429,1
mural,102680,298,1
budding,62376,195,1
crazy,194763,344,1
vogue,79187,130,1
asked,10661726,2989,1
swiss,308451,741,1
fathom,21013,38,1
sensing,652070,639,1
broke,2268081,2753,1
cooks,245302,348,1
locus,642777,455,1
blunt,228589,420,1
stark,351716,421,1
lunar,208692,429,1
heels,180268,194,1
photo,1017540,1121,1
italy,2528439,1198,1
karen,342485,589,1
either,25721254,6913,1
harms,204812,280,1
often,16574732,7028,1
nitro,174989,150,1
stalk,157986,325,1
rupee,64948,61,1
steed,125163,199,1
rouen,27984,69,1
bobby,137671,481,1
muses,28678,114,1
slowing,189954,373,1
sedan,190684,136,1
grading,769752,664,1
aspen,100107,207,1
mother,4223318,2365,1
marry,243113,284,1
glazing,102122,186,1
medial,257467,420,1
nazis,56937,147,1
pupil,857532,817,1
bonding,3196562,605,1
coral,398074,618,1
brent,105345,228,1
borneo,81532,72,1
asses,28777,119,1
jules,132035,289,1
turbo,178105,168,1
derby,493879,284,1
moods,436520,579,1
dealings,1245858,386,1
paine,133320,269,1
aloof,359798,191,1
molly,142890,410,1
ithaca,190338,227,1
types,11070423,3187,1
needing,605174,719,1
thirty,3946388,2099,1
clears,90404,293,1
tolls,256567,247,1
joyce,281309,601,1
mused,45588,190,1
fringed,110743,253,1
chill,187789,381,1
wales,807361,329,1
alley,254306,337,1
carts,240793,296,1
front,4295934,2137,1
abram,43764,198,1
abbot,145493,285,1
tidings,117374,183,1
strong,5072428,2486,1
badly,645331,1072,1
mines,2420011,1147,1
wider,1070630,746,1
opens,924118,1655,1
mimic,59537,241,1
ryder,70544,142,1
fired,917205,1170,1
tufts,235751,282,1
tibet,94757,195,1
doors,1770815,859,1
humus,69767,187,1
brady,224249,308,1
smoky,77500,159,1
sound,7375294,2992,1
cider,72742,175,1
enoch,67115,170,1
budge,9547,33,1
brave,351512,563,1
gales,310207,166,1
crash,876193,607,1
lloyd,624219,773,1
offer,4325447,2735,1
sacks,81322,244,1
meadow,344042,425,1
linda,414057,644,1
cover,4820242,2671,1
readings,3362535,1043,1
slums,114163,237,1
bathed,86650,282,1
brown,8233845,2689,1
hello,43374,118,1
pleads,71615,253,1
crane,914447,657,1
breaths,99890,159,1
reich,82939,138,1
editing,684977,615,1
danes,41727,105,1
hands,4082668,2120,1
steer,102129,263,1
bowie,50937,111,1
prone,684003,448,1
roofs,315974,428,1
laity,92773,109,1
wield,24617,103,1
picking,389791,957,1
burial,959448,742,1
binding,4532670,1366,1
model,26541318,3651,1
bosom,274880,345,1
israel,1731581,1566,1
flange,536448,304,1
elect,1359706,497,1
serbs,65507,128,1
topic,1719766,780,1
image,8313933,2528,1
springing,182226,620,1
nepal,631272,277,1
kappa,40943,104,1
sails,197629,435,1
anita,65806,255,1
girls,2686021,1828,1
flare,205411,408,1
usury,142222,238,1
forte,9122,63,1
joins,309897,870,1
rough,1071108,1158,1
cakes,492031,365,1
carlo,61768,207,1
helps,2089978,2216,1
louis,1526782,1691,1
zonal,71534,221,1
welch,129710,232,1
barre,23154,76,1
barns,126823,218,1
manning,535625,449,1
drugs,6617711,1259,1
links,3503734,1648,1
henri,219229,437,1
draws,773375,1631,1
brill,33411,49,1
blues,394421,568,1
kabul,44978,101,1
melting,889218,737,1
based,38998141,4890,1
royce,30038,106,1
pound,248871,493,1
alloy,3041663,476,1
morse,310002,389,1
aside,1585649,1888,1
drill,1732173,881,1
venue,431022,421,1
clyde,273460,409,1
drive,5274226,2603,1
yacht,283862,300,1
finer,202698,332,1
rican,1652,2,1
shaping,316507,573,1
awful,87043,232,1
hungry,338396,457,1
sages,139176,199,1
singled,72970,266,1
fleming,211447,303,1
penal,361165,481,1
trading,2763034,1498,1
thayer,163534,149,1
today,17111686,4938,1
scant,223694,160,1
angled,223117,209,1
armed,1965859,1795,1
dance,2005312,1754,1
fills,426292,1036,1
hurry,150779,272,1
tudor,191682,221,1
still,18332161,8043,1
slack,211134,342,1
plowing,66026,188,1
sloan,73298,180,1
reeve,27898,84,1
steep,278973,475,1
begun,1935385,992,1
spray,1013226,917,1
crack,913649,816,1
natal,86216,178,1
dress,2394424,1329,1
swell,285472,570,1
scorn,246745,488,1
emory,121351,163,1
lodging,303610,471,1
hilda,80915,195,1
fermi,65273,138,1
zeros,103057,136,1
tunes,337994,476,1
vault,328295,374,1
sitting,2249616,2475,1
cecil,307152,504,1
monde,1372,7,1
evoke,69371,289,1
bengal,184781,258,1
renal,1693172,749,1
spell,385209,703,1
cooling,1638988,940,1
tubes,4666919,1039,1
pleasing,231771,365,1
hobbs,64546,119,1
spark,928187,598,1
thrill,262741,367,1
sigma,88191,207,1
forts,394190,315,1
giver,199113,96,1
tints,341474,249,1
boris,80913,273,1
overt,146181,459,1
korean,622682,739,1
norse,32293,103,1
vital,1194211,1149,1
puppy,121078,241,1
cunning,202909,414,1
phase,9476953,2583,1
snake,398224,571,1
starr,87990,153,1
piper,70395,210,1
fists,380183,143,1
judging,311364,925,1
wight,84234,124,1
staff,18388758,2275,1
boiling,631648,583,1
toned,48192,121,1
willing,791820,1051,1
acres,851330,558,1
teddy,59555,247,1
thermo,104293,215,1
maize,395950,489,1
sewer,1537323,497,1
junta,424813,69,1
curry,133182,243,1
pants,273816,276,1
weeks,1113513,755,1
sighing,70700,199,1
dunes,95558,218,1
amber,195057,418,1
barking,71234,231,1
throws,312050,1051,1
warmth,1009497,796,1
titus,129878,294,1
tibial,480031,117,1
desks,229593,271,1
clams,104205,145,1
anions,154106,204,1
fraud,2852280,879,1
empty,1449201,1290,1
yearning,173010,360,1
stool,197961,326,1
quart,82470,166,1
davis,1938154,1095,1
fated,12192,40,1
soothe,15960,74,1
yelling,96299,290,1
style,11364448,3120,1
phone,2975241,1126,1
reels,75355,176,1
warning,1652313,1309,1
violet,411568,563,1
beaver,336105,396,1
funny,277838,326,1
casks,60962,135,1
kenny,81112,212,1
freer,85456,172,1
bombs,688057,372,1
hanger,57735,158,1
hills,3863871,1195,1
annie,302303,619,1
dipping,244598,395,1
toast,430032,256,1
ethnic,2457810,1380,1
weird,64150,191,1
cello,47643,80,1
axles,105558,138,1
guinea,410884,388,1
roaring,82091,277,1
riley,373257,335,1
stern,341206,581,1
rabbi,202430,399,1
bowen,312330,239,1
kipling,52079,130,1
please,3295208,1817,1
duluth,79524,148,1
shots,580980,630,1
slave,2611517,1237,1
irish,1124699,1669,1
smoke,885161,1164,1
cited,4234157,1486,1
grips,51131,182,1
oddly,75374,204,1
plank,222195,300,1
shewing,74744,274,1
planing,87979,152,1
salem,371234,368,1
melon,134610,122,1
sonic,72543,297,1
obese,218401,129,1
wines,756940,515,1
verbs,887304,379,1
perch,150200,245,1
aires,1469,13,1
grating,171090,300,1
frail,71458,159,1
robbing,35874,180,1
banco,30978,89,1
calls,5221395,3079,1
easily,2822947,2806,1
inter,3183831,1830,1
bevel,90084,132,1
lacey,40313,118,1
goals,7905006,1186,1
menus,237340,329,1
stoop,43363,121,1
rugby,128373,196,1
rotor,329148,378,1
input,4971175,1447,1
rubin,44625,102,1
labor,14859138,2649,1
tamil,165758,267,1
algal,121861,300,1
sneer,79563,215,1
lifts,313241,605,1
acton,40428,89,1
limit,5922234,1608,1
crops,3285996,953,1
gotta,3147,12,1
emile,201412,166,1
hindi,177751,195,1
huber,35880,100,1
fungal,360303,341,1
jetty,57233,116,1
mined,274989,284,1
tenor,325262,473,1
aides,286919,239,1
lobes,1149065,313,1
realty,377751,542,1
payer,61579,64,1
suite,1394381,764,1
search,4892727,1896,1
tonic,278156,379,1
beasts,470099,530,1
gregg,101952,200,1
cheating,102585,277,1
tombs,264251,346,1
since,49311124,8299,1
agony,457179,391,1
kerry,98096,208,1
writs,221922,206,1
shalt,69830,127,1
echoes,491443,917,1
plain,2028131,1658,1
shore,2512259,987,1
cords,548659,329,1
proving,1050932,902,1
osaka,186606,106,1
hanoi,73687,223,1
aiken,88945,94,1
final,2729998,1718,1
woman,14910663,2648,1
doris,114621,324,1
prime,1340525,1244,1
brisk,76497,159,1
epoxy,298996,234,1
headings,626345,356,1
bolts,574782,412,1
exert,281225,604,1
thwart,20438,71,1
grange,134280,214,1
adore,41614,109,1
buddy,71661,251,1
basic,4131500,1926,1
uncle,1258546,954,1
causing,2885628,2801,1
spicy,64439,128,1
duffy,62899,106,1
creek,2993371,1015,1
paddy,91065,292,1
forma,17591,110,1
winding,936798,739,1
donna,162738,383,1
outer,671883,1105,1
flynn,86661,160,1
cells,24733287,1928,1
engels,26626,123,1
ionizing,52774,167,1
really,3383228,3729,1
codex,58552,105,1
gloom,466221,535,1
cairo,289083,317,1
ducks,401586,302,1
helping,946783,1328,1
fatty,1236577,608,1
ganglia,310978,110,1
tracy,157562,321,1
peeling,83024,189,1
streak,314518,448,1
colby,54339,131,1
props,176015,329,1
libel,680269,284,1
valuing,52370,193,1
linking,846236,930,1
boost,250562,390,1
modem,275695,325,1
hobby,212464,272,1
asher,44029,91,1
traps,574058,605,1
roscoe,44101,163,1
buyer,936196,626,1
sinai,35509,90,1
place,17196658,3774,1
timed,211441,275,1
anaemia,185863,177,1
piles,783391,627,1
forks,75825,187,1
georgia,4331012,922,1
bedding,359643,432,1
gaining,257241,673,1
curling,81471,264,1
edict,93827,194,1
unions,1912961,939,1
fates,83563,160,1
tries,662919,1254,1
sable,81989,121,1
toxic,1021935,790,1
bauer,129337,152,1
crate,44908,99,1
known,18355894,4557,1
social,32906548,3973,1
meier,43695,62,1
fight,1347883,1330,1
header,208560,246,1
smooth,2462460,1259,1
clerk,4084371,1093,1
viable,375659,448,1
whose,25628502,7280,1
pilot,1829713,1270,1
fuels,2005883,539,1
child,10811669,2841,1
faber,30882,118,1
iraqi,293987,453,1
curve,7284062,1453,1
parting,123208,336,1
fever,1767599,870,1
nixon,261446,574,1
slate,549305,597,1
usher,68165,118,1
rapid,2125549,1401,1
haley,61565,118,1
staying,378691,699,1
growing,3021132,2478,1
hugging,49944,208,1
tobin,29986,78,1
spine,2128409,508,1
katie,100111,289,1
jones,2534594,1285,1
sores,403565,153,1
stare,388614,576,1
paper,13693007,2752,1
earthen,38729,171,1
guild,754172,411,1
heater,885581,314,1
crave,47085,125,1
bryan,255631,502,1
altar,349512,427,1
eighth,262146,422,1
minus,638496,808,1
amino,2601462,630,1
decks,237566,263,1
wailing,59732,179,1
roper,64046,73,1
youths,808225,777,1
kilns,149808,132,1
moles,66519,136,1
visas,144537,144,1
lineal,27857,106,1
lyons,136318,297,1
cation,412947,450,1
humor,908709,955,1
atrial,162388,294,1
bates,253223,330,1
fined,110270,185,1
moors,106302,203,1
modus,47511,162,1
prism,430279,295,1
seize,153340,399,1
omits,135953,328,1
count,3835259,1924,1
healer,86843,121,1
putting,1267883,1974,1
fringes,188714,312,1
flows,3257258,1505,1
silva,46728,85,1
lengthy,339867,336,1
clock,1417481,781,1
bosch,121311,74,1
files,4577989,1267,1
cares,537175,547,1
saved,1085854,1383,1
level,32996975,3056,1
booty,87898,138,1
dante,230928,571,1
fatal,554172,521,1
longed,107721,254,1
breaks,1116153,1728,1
hiram,112172,276,1
glory,1584160,947,1
seeds,2139134,1123,1
queue,171633,292,1
mommy,11101,50,1
verde,7401,25,1
bother,46042,161,1
setup,462238,614,1
dearly,68841,167,1
melts,409492,341,1
manor,490087,418,1
nearly,7399266,4330,1
belong,2375947,2194,1
wanna,2388,12,1
infer,157252,165,1
speaks,1309844,1731,1
payne,152505,285,1
reopen,10101,49,1
alden,73545,146,1
skies,436057,410,1
align,83407,211,1
barring,138320,388,1
blush,132796,285,1
array,1767547,1021,1
bowls,265928,370,1
ramon,34997,147,1
loves,541163,868,1
balls,549605,705,1
chair,2067650,1128,1
hyper,114387,307,1
heroes,1071544,842,1
lemon,419492,448,1
laura,446946,833,1
dolly,82326,225,1
coles,68110,95,1
arbor,63453,159,1
viewing,698438,894,1
mcgee,45170,98,1
hoped,1101421,1071,1
works,27291346,3951,1
seated,905753,1118,1
potts,51112,119,1
facts,11242199,1695,1
vesting,161288,212,1
inlet,829888,515,1
imaging,2128832,629,1
reeds,80636,198,1
sudan,378083,258,1
plume,173478,360,1
sixty,1289383,1184,1
foote,80705,168,1
pence,172628,60,1
purge,123203,232,1
breast,1947718,1255,1
value,48316635,2873,1
steps,6935511,2165,1
board,43219211,2226,1
grady,45953,140,1
alone,15542584,6014,1
vines,375636,377,1
wreck,447911,314,1
maxim,270474,386,1
leather,2189895,1008,1
packs,181187,410,1
cites,252322,630,1
mower,54839,79,1
flaming,30946,176,1
trail,1922856,1130,1
dogma,665769,440,1
forcing,812024,1393,1
takes,8600437,4867,1
tasting,75279,245,1
tasty,22717,84,1
mercy,1029108,574,1
moses,631263,955,1
earner,60395,46,1
boxed,67595,163,1
pairs,1908739,1015,1
tokyo,655685,516,1
smelt,51584,136,1
temps,43172,45,1
barge,248679,363,1
stars,2054670,1129,1
marco,60545,267,1
worry,451763,585,1
horne,71232,83,1
minor,1661324,1511,1
urine,1211670,582,1
nation,8301759,1573,1
repay,63922,133,1
doses,1508884,573,1
booming,47200,129,1
hayes,358917,394,1
tyres,135411,141,1
pixel,127254,265,1
debut,295926,202,1
tulsa,225133,198,1
bulging,106884,244,1
crisp,119093,267,1
franz,266419,368,1
tween,28617,165,1
waged,241431,308,1
cereal,541200,407,1
sided,877213,246,1
thanking,98558,272,1
atoms,4723858,675,1
lasting,623629,947,1
heather,144295,368,1
buzzing,52584,203,1
flaws,393162,344,1
brock,87604,196,1
flame,1678588,1033,1
thames,60548,202,1
butyl,25885,81,1
hurts,121889,275,1
baden,22250,81,1
skins,378273,455,1
stale,179225,336,1
story,7530607,2604,1
beaten,749508,427,1
ranger,304181,259,1
argue,860435,855,1
dwarf,156806,431,1
money,17402253,2478,1
ozone,406520,487,1
mates,255731,255,1
twice,2932364,2906,1
filed,5595667,1435,1
force,22614721,3024,1
allen,1813886,1052,1
births,959358,340,1
months,8739114,1051,1
denny,127553,152,1
nobly,44212,197,1
bosnia,119650,178,1
mould,487466,635,1
laser,2594277,811,1
arthur,2026957,1592,1
awake,412260,380,1
dwell,221174,503,1
spies,202098,356,1
fared,100680,396,1
fecal,130935,296,1
shire,92938,96,1
cones,461991,441,1
popes,95125,128,1
cycle,7472476,1530,1
spill,226848,363,1
snare,49695,163,1
glass,7894716,1996,1
welsh,349439,631,1
snows,106181,130,1
bench,578411,653,1
boast,176149,442,1
helms,60648,87,1
plate,6462185,1697,1
racks,262571,298,1
trump,48557,227,1
lacks,579676,1088,1
panting,81338,264,1
leaching,357984,322,1
bella,78860,211,1
genes,2302809,738,1
tangle,113758,268,1
poles,1789703,813,1
friars,203763,147,1
slope,3479435,915,1
flour,1225196,691,1
kodak,36321,152,1
brows,231071,207,1
rosen,96403,115,1
gasping,63419,226,1
slash,86245,229,1
sinus,1102620,342,1
stony,103379,263,1
lipid,584299,550,1
macro,329359,511,1
crook,90935,211,1
eliza,220455,368,1
quinn,105565,251,1
heaved,37371,196,1
males,2055998,1107,1
pinch,178328,309,1
lower,8762902,2854,1
spice,121183,240,1
soothing,100826,279,1
hosts,823723,877,1
spoon,98299,218,1
taken,16649182,3623,1
lists,4077500,1529,1
shove,48821,105,1
nausea,841806,361,1
hernia,166929,182,1
stiff,394836,621,1
boron,374926,355,1
sweating,370453,346,1
alkyl,186974,185,1
shift,5117530,1472,1
drawn,4541702,2155,1
fiber,1904590,993,1
thirds,63543,55,1
saves,238424,643,1
mists,78946,200,1
ovens,279725,216,1
tracing,338377,686,1
moaning,47952,182,1
waist,118355,243,1
onions,291135,247,1
agree,3908597,1620,1
alike,4139179,2851,1
tried,3536532,2802,1
shrub,528764,300,1
oscar,271049,641,1
monroe,1084202,569,1
towne,43739,69,1
burying,86753,286,1
prove,1384577,1613,1
clump,35678,157,1
guess,613542,310,1
lyman,140967,258,1
layer,14581401,1515,1
liens,737857,259,1
table,14965964,3342,1
beauty,5398473,2012,1
urges,519701,835,1
vance,155338,216,1
methyl,462157,436,1
fabian,71646,113,1
begging,244658,675,1
thrust,1398021,1609,1
inner,1193060,1686,1
persia,192175,251,1
testing,8829006,1816,1
adult,2405880,1792,1
kneel,34801,121,1
speed,8963555,1792,1
major,5758882,2743,1
verge,35137,108,1
henry,4675514,2670,1
cindy,58242,208,1
robot,371768,437,1
wants,3527397,1860,1
olive,627155,794,1
pulling,582911,1220,1
metre,137226,200,1
idols,169013,289,1
aimed,2771081,1478,1
hertz,124531,100,1
rooting,79312,223,1
villa,447160,477,1
adolf,72969,212,1
xerox,40066,129,1
waved,323348,776,1
enact,580387,170,1
allow,2166730,1901,1
sauce,1064572,312,1
headed,1272718,1488,1
tuned,216651,287,1
slips,396615,687,1
risky,142503,258,1
longer,4390065,1699,1
fleeing,233035,374,1
fuses,290843,288,1
sylvia,126604,382,1
liege,39850,67,1
loved,982766,1135,1
debts,2475755,616,1
lengths,1331883,693,1
fishing,3019468,1445,1
claus,20643,74,1
dusky,147838,153,1
swamp,294322,449,1
parma,37578,100,1
loans,10989341,1013,1
monks,992910,599,1
smash,52151,138,1
berks,77691,71,1
biopsy,397457,255,1
lionel,103955,274,1
frogs,242478,302,1
phoebe,76675,220,1
tones,1318184,988,1
noble,689522,1095,1
hearty,86568,197,1
tests,13113710,2161,1
braun,42386,110,1
stair,172120,259,1
pearce,80047,128,1
fours,4663,18,1
savings,5276576,1232,1
sailing,491249,810,1
wires,2101253,609,1
bangor,99475,156,1
ceded,160352,195,1
beets,142422,160,1
scoring,434827,560,1
guide,6619651,1919,1
nancy,632657,827,1
brass,1520782,932,1
total,14379400,3066,1
bowling,207862,367,1
quilt,149992,158,1
halting,69325,242,1
tract,1692246,886,1
padre,19017,99,1
holes,1587073,855,1
rocks,9233689,1329,1
texts,6435656,1436,1
organ,2667282,1375,1
tribe,1589789,821,1
cents,340849,135,1
wells,2988003,1115,1
change,27909429,3318,1
tenths,17400,49,1
spans,395002,448,1
chart,1797128,930,1
farms,2556463,1007,1
nodes,1738285,776,1
squat,26086,105,1
islam,1040111,712,1
placing,1004176,1542,1
stealing,208435,496,1
right,19102648,5648,1
fairy,390076,540,1
piece,5025121,2178,1
farming,1540197,937,1
negro,1690955,1025,1
crush,97075,321,1
faiths,411107,142,1
walking,1496786,1907,1
wayne,788620,687,1
mites,80481,141,1
polls,136211,228,1
lacking,1534614,1303,1
gorge,172374,182,1
dixon,270358,348,1
opted,91650,300,1
paras,57094,69,1
taper,237559,274,1
panel,3769368,1341,1
civic,1052660,1061,1
cabin,669774,495,1
vapor,1640831,662,1
sachs,16290,68,1
skill,5003858,1269,1
molds,325394,316,1
storing,454477,366,1
dense,941087,665,1
welds,114386,182,1
plugs,237356,368,1
badge,213891,298,1
japan,4239484,1700,1
waxed,73705,261,1
hazel,125136,374,1
cursing,136803,310,1
quote,263614,494,1
tower,1896906,1091,1
agile,51020,120,1
carry,2075463,2166,1
freeing,73934,340,1
tooling,168290,233,1
start,2864660,2344,1
torch,359509,271,1
flora,1289858,716,1
magma,415449,203,1
pluck,46720,146,1
lamar,70130,142,1
couch,217873,347,1
clans,363080,251,1
prick,56403,153,1
stake,633351,364,1
rocky,381814,642,1
molar,221773,271,1
maker,803268,509,1
lakes,2070038,813,1
myron,46302,147,1
walla,39301,76,1
incur,152574,236,1
liver,1963302,990,1
ebook,22499,27,1
bowel,321685,411,1
neared,42940,205,1
shows,13054470,5093,1
twain,58939,200,1
decay,1640153,893,1
throne,496562,429,1
trick,302220,591,1
riggs,54034,86,1
pains,864140,575,1
singers,468270,487,1
crime,5312966,1568,1
crabs,314176,224,1
games,4322039,1343,1
gloria,107721,357,1
brook,392237,462,1
chief,5775437,2183,1
author,4823372,1982,1
icons,357061,403,1
never,10988888,5916,1
scans,259581,289,1
akron,100629,171,1
apply,3080722,1680,1
wrongs,322053,287,1
above,56596461,6224,1
thrift,306638,398,1
scrap,624128,637,1
pumping,901270,756,1
banning,78742,162,1
gauge,2532684,558,1
payee,165941,98,1
dowry,81610,127,1
serving,3300977,2127,1
fifty,2094247,1747,1
saxon,90612,340,1
plums,405014,155,1
naval,3009865,1304,1
morning,8839679,1089,1
spade,23688,106,1
reyes,47414,74,1
welding,1673154,661,1
senior,1831607,1567,1
carte,23323,91,1
drift,1367968,1043,1
pause,499559,598,1
elisa,134111,106,1
cruel,405460,607,1
within,88927861,8575,1
allan,342270,540,1
nigel,73534,207,1
stand,4157464,3389,1
plating,447578,322,1
relax,124008,225,1
laugh,1247715,847,1
index,10744933,1797,1
fused,341844,552,1
steady,1311235,879,1
mobil,30307,142,1
rural,2961112,1925,1
gather,408264,735,1
hagen,30217,81,1
region,20489010,2718,1
fossa,952767,78,1
cubes,239164,239,1
flock,330864,553,1
bored,243208,337,1
pratt,293896,344,1
tired,483769,538,1
actor,1165500,794,1
signs,7933521,1935,1
lumps,126227,327,1
betsy,91560,227,1
brush,791929,996,1
roman,1410647,1848,1
habeas,83596,175,1
pasta,195887,191,1
learning,12355345,2276,1
shake,306968,690,1
calyx,132628,163,1
norms,2902133,906,1
andre,126608,329,1
shank,138323,140,1
adept,34511,124,1
junior,1552786,1198,1
siege,244619,341,1
check,3851407,1798,1
acute,2057373,1205,1
proto,112748,224,1
kevin,300634,589,1
asset,3369262,886,1
garcia,237949,244,1
calif,7889271,239,1
prose,1541432,934,1
veins,2640286,672,1
stray,115017,358,1
curie,45772,65,1
filial,65634,201,1
maple,440008,370,1
mules,104386,235,1
wills,517813,567,1
pairing,139892,328,1
silks,286344,238,1
crept,222498,654,1
solving,292877,312,1
sever,44364,153,1
lived,3242662,2545,1
movie,1011679,936,1
withal,146591,445,1
porch,552473,268,1
gloss,283146,374,1
dared,243180,583,1
cleaning,1640537,1080,1
seine,24426,78,1
donor,1172453,678,1
tunis,32387,100,1
hoist,458780,186,1
knees,145225,292,1
reason,9913482,1803,1
olden,7820,20,1
frame,4725497,2018,1
maids,142804,236,1
flown,202976,232,1
alton,76572,156,1
blind,1076023,1179,1
andean,36255,139,1
cough,519335,466,1
hours,13798037,1555,1
laden,544051,654,1
filings,212510,207,1
felix,272985,506,1
haydn,67208,163,1
rhode,446285,393,1
dover,221937,329,1
cycling,767855,418,1
deter,98146,296,1
named,6328364,3114,1
thinks,1598596,1410,1
aorta,474374,101,1
track,4461090,1647,1
whigs,109707,182,1
leroy,133915,224,1
noyes,152367,94,1
every,22332619,7178,1
floor,4827198,1495,1
occur,8202910,2826,1
donne,36886,176,1
turning,2093476,2596,1
poppy,81343,202,1
adobe,85506,220,1
foley,112799,183,1
russia,1634205,1462,1
hough,45313,84,1
homer,280676,659,1
canon,981690,720,1
grasp,557403,709,1
belle,173790,394,1
aired,91408,143,1
billy,332295,827,1
wiley,361479,345,1
venus,170579,502,1
reply,2393625,1096,1
tapes,2325212,529,1
grate,173747,180,1
flask,577594,232,1
bidding,252002,580,1
pearls,527056,292,1
banding,71081,209,1
porto,56272,184,1
bucks,143737,154,1
garde,3772,16,1
fritz,99575,339,1
later,12591895,4758,1
piazza,45672,132,1
sport,1181422,1123,1
lewis,2275243,1358,1
sorts,328631,396,1
hairy,732320,319,1
hitting,194405,528,1
bulky,63720,161,1
plays,3911035,2749,1
lagging,62460,205,1
filling,1431909,1803,1
carey,239110,305,1
trans,2152631,1651,1
breed,752841,831,1
lieut,467697,454,1
faust,61138,205,1
elton,21569,91,1
uniting,139975,517,1
cater,64372,121,1
ruddy,38949,103,1
terry,416069,639,1
vowel,397822,354,1
graft,375698,471,1
silas,82682,243,1
hearst,380986,122,1
spins,325296,254,1
risks,5548829,1145,1
ebony,131543,137,1
summa,24864,57,1
athena,30567,130,1
madam,407423,579,1
thesis,2262118,755,1
salle,4922,24,1
punch,403467,586,1
brace,5915200,239,1
beneath,4252181,3394,1
sonne,35070,53,1
manic,71724,182,1
disks,897270,489,1
diego,66508,218,1
bronx,234979,128,1
chest,1478917,936,1
poole,121709,177,1
defeat,2063591,792,1
stood,4384312,4050,1
mouths,133899,300,1
athens,431529,664,1
landing,1613192,1229,1
cabot,283510,110,1
sheet,4243209,1530,1
naked,941127,846,1
plant,25773963,3276,1
merge,177154,482,1
avert,18974,52,1
grant,4546619,1836,1
penny,176990,428,1
anything,5702659,2448,1
varying,1846586,1682,1
damping,790847,354,1
ovary,202501,213,1
lounge,732249,358,1
china,6160343,2086,1
curse,397172,444,1
crude,1743672,945,1
usage,3598391,1319,1
cores,875666,580,1
gaelic,210961,211,1
ellen,486470,729,1
thrown,1109436,1509,1
twist,413742,674,1
white,13331811,4928,1
swept,607808,1315,1
reset,159922,208,1
frank,2917538,1946,1
hesse,20935,68,1
danger,7119643,928,1
cliff,439883,549,1
odors,292216,338,1
gully,45662,158,1
platt,76423,89,1
atlas,664425,503,1
hither,263481,372,1
repeal,449819,329,1
logging,573659,646,1
greek,2142575,1765,1
sugar,4378422,1579,1
saint,1527439,1335,1
radar,1422371,701,1
scope,1898031,878,1
truce,96749,172,1
creating,1874491,2170,1
vocal,426000,894,1
below,25178190,4571,1
chain,4293928,1742,1
split,1037398,1566,1
facial,608342,909,1
thinning,270701,366,1
bayou,119597,92,1
ripen,32182,80,1
gages,425880,198,1
drain,786768,759,1
torso,89565,169,1
slain,241034,313,1
black,11477780,4494,1
token,234495,468,1
where,85223074,9501,1
lance,167309,430,1
chris,389408,785,1
banking,3311613,1077,1
lends,309004,769,1
grease,364451,408,1
pages,3593515,1432,1
swift,419612,850,1
rouse,37369,147,1
torts,297540,135,1
stout,309826,381,1
goods,22052213,1585,1
extra,1625890,1601,1
faint,206737,454,1
truer,21546,48,1
seeming,204060,736,1
sloping,541804,349,1
grand,1816991,1802,1
sibling,108610,299,1
darts,89527,214,1
tools,8057130,1619,1
wager,32781,121,1
jumping,223457,592,1
raven,56642,198,1
folly,511821,547,1
weapon,2935311,880,1
slots,569872,428,1
hurting,72975,148,1
masks,371918,727,1
alicia,55025,191,1
fencing,341484,406,1
biased,357831,360,1
abide,118229,198,1
groin,41012,91,1
state,82661901,5362,1
thirst,427582,431,1
buses,646649,452,1
chaff,56453,149,1
thighs,214711,167,1
wafer,102421,236,1
bible,16459722,919,1
opera,1088999,950,1
brute,184697,360,1
dawes,43457,97,1
guiding,296675,677,1
milan,233600,340,1
stone,5191330,2284,1
closing,995109,1333,1
taste,3960151,1394,1
liner,565908,354,1
clara,246416,539,1
fails,3309369,1910,1
masts,75464,159,1
boats,1486619,881,1
herbs,996226,450,1
flush,285438,509,1
shady,61280,153,1
cured,667564,459,1
mixed,2731416,2528,1
listing,1960675,811,1
thinking,10826936,2855,1
peril,867483,291,1
licking,102138,227,1
ecole,37227,61,1
spite,113010,208,1
zenith,81347,159,1
costs,24045050,2173,1
avenge,9718,46,1
genre,997323,638,1
globe,443653,503,1
nearby,853130,1298,1
crest,653309,523,1
aisle,112048,182,1
feels,1403788,1556,1
mingled,319801,772,1
names,6418716,2074,1
slant,184110,325,1
strap,375722,274,1
waldo,41320,125,1
fault,1705536,1064,1
buoys,70143,147,1
toxin,677347,286,1
truths,1594767,764,1
fascia,326984,155,1
maybe,1090526,2051,1
susie,35110,138,1
della,110701,163,1
woven,399734,571,1
malta,233051,254,1
syringe,235063,173,1
vicar,197261,242,1
basil,240373,423,1
angels,438330,649,1
twigs,277070,273,1
niche,268789,438,1
bites,323071,253,1
brick,1630525,1062,1
angela,128655,379,1
hatch,304033,402,1
jesse,309336,588,1
habit,1776577,1291,1
lending,1497510,744,1
ghana,202085,256,1
wolfe,125516,268,1
levin,149559,198,1
float,287154,715,1
shrug,209758,175,1
bulbs,502019,348,1
cutting,2095569,2084,1
hydro,642237,442,1
hasty,89977,203,1
chuck,185226,379,1
tommy,175816,528,1
backs,172148,437,1
tapping,171477,467,1
vegas,7642,30,1
weaken,161503,285,1
roach,41808,108,1
costing,789720,723,1
latvia,66491,104,1
lined,944027,1132,1
mccoy,74768,155,1
shell,2963466,1637,1
colon,715788,357,1
basin,5211674,892,1
loyal,986658,662,1
giles,136317,284,1
polar,460445,676,1
rooms,6081546,1176,1
spire,190541,190,1
patel,5169,31,1
fines,853060,613,1
quite,7621921,4288,1
herod,58139,259,1
abbey,165701,201,1
muddy,106089,239,1
jewel,199625,337,1
necks,128944,209,1
kenya,395565,358,1
rosin,93793,127,1
mount,942464,1308,1
sites,13510534,2081,1
legal,10955389,2527,1
booths,95646,226,1
lymph,1179614,433,1
linux,76188,133,1
spurs,282318,386,1
quota,502599,494,1
exist,5861971,2225,1
canes,132923,183,1
dolls,191295,316,1
marian,145620,366,1
carve,24290,103,1
blowing,348090,699,1
nolan,78378,161,1
willy,61117,231,1
coins,703147,609,1
arden,170044,99,1
praying,925338,905,1
shoot,417832,744,1
group,48170733,5177,1
boils,100774,271,1
aided,4035489,1252,1
raids,515487,390,1
dangling,76014,352,1
beacon,186871,362,1
growth,42845707,2765,1
civil,8090388,2539,1
whole,2914551,2146,1
rigid,730190,924,1
evade,28354,104,1
press,57490645,2969,1
tithes,139388,146,1
block,5335115,2119,1
miriam,136537,312,1
casts,599623,816,1
irony,823189,667,1
hunger,728692,789,1
elgin,68189,152,1
ashes,359040,335,1
cloning,108630,181,1
daddy,71162,223,1
ordeal,301980,240,1
noted,9788566,2445,1
gleaming,104778,329,1
comer,98371,120,1
delhi,371897,332,1
cadre,89830,197,1
spread,3298355,3126,1
deity,714566,498,1
method,27552472,3363,1
feces,93032,147,1
homes,3910655,1289,1
quill,27017,120,1
season,2693731,1143,1
hines,83553,81,1
lifting,530125,1013,1
gases,1967873,675,1
belts,1382483,579,1
waste,5292719,1925,1
ethics,4742230,921,1
hires,124372,181,1
josef,60160,178,1
keeping,1536675,2295,1
wharf,455240,359,1
unreal,136604,177,1
zones,4813300,1269,1
stereo,230660,368,1
grids,223467,340,1
reaching,1569807,2086,1
rosie,36919,157,1
working,12794373,4036,1
claim,6853794,2622,1
colic,58361,124,1
sight,2089028,1121,1
anvil,43992,104,1
truss,143191,190,1
elder,296207,654,1
fingers,1066456,915,1
realms,407800,421,1
cedar,525346,530,1
looms,229581,446,1
plato,565439,666,1
screw,913859,668,1
gills,150858,143,1
piled,195791,600,1
freud,270001,676,1
xxxii,52209,71,1
mummy,33427,129,1
hindu,462510,750,1
breadth,330321,465,1
fitch,76585,134,1
byron,223416,592,1
patch,790292,859,1
geese,183176,183,1
berne,38495,86,1
pinus,24956,106,1
lorry,51007,109,1
howling,65933,226,1
touch,2711603,1639,1
clasp,96927,198,1
await,201182,445,1
focal,389853,619,1
becky,51464,189,1
acted,1544210,1955,1
deacon,441912,216,1
pesos,49294,46,1
olivia,125648,308,1
denis,95707,263,1
penis,110313,245,1
stems,1323048,1506,1
local,13298049,3883,1
sexes,168936,48,1
patty,55501,201,1
karma,101342,127,1
books,15284213,2751,1
began,15233948,6126,1
weigh,240617,571,1
watts,553329,308,1
intra,791972,813,1
event,7392694,1894,1
taboo,153781,214,1
milling,621076,601,1
funding,5251885,1116,1
arabs,280373,430,1
phage,125890,218,1
deeds,1565185,829,1
corning,35921,110,1
choir,437638,422,1
spent,2692179,2190,1
loops,1225099,651,1
trent,133949,198,1
looks,2611065,3026,1
fucking,58244,180,1
tongue,1328929,1243,1
andrea,145552,384,1
meyer,349901,414,1
lambs,194572,240,1
clare,181886,361,1
merry,197718,346,1
betting,80268,208,1
sikhs,38627,130,1
court,76831372,2779,1
susan,859375,986,1
indian,12536509,2818,1
gauze,225994,211,1
pours,80746,290,1
quail,669450,225,1
borax,124346,120,1
utter,117589,375,1
pizza,164178,241,1
alain,54509,142,1
dukes,59823,155,1
cometh,102454,128,1
crowd,1149950,1384,1
blade,1438169,813,1
reign,493761,596,1
cooke,395441,252,1
polling,108180,261,1
mails,157557,190,1
towns,3691847,1164,1
niles,100369,141,1
whirl,76897,217,1
litre,5834,18,1
poses,556715,1208,1
mcleod,63469,119,1
sponge,362949,377,1
share,4756460,2281,1
lowly,28802,97,1
camps,1353944,678,1
coach,1497486,793,1
sills,107174,143,1
uneasy,337770,266,1
tunic,135322,172,1
redox,175340,262,1
false,2326740,1647,1
dykes,281575,196,1
swain,113486,177,1
seeding,158282,276,1
people,58765792,5355,1
knoll,58435,95,1
thereon,9654137,1289,1
sadly,391560,499,1
tonne,7506,24,1
nasty,48974,147,1
ogden,96180,211,1
blond,210896,235,1
skating,60789,185,1
harding,200078,265,1
locks,697907,711,1
linings,132908,196,1
heaven,851509,996,1
elvis,33478,186,1
decor,181684,233,1
modes,3455333,1509,1
otter,53630,173,1
armor,433972,473,1
docking,81663,191,1
erect,699026,610,1
derek,90874,303,1
ankle,363416,315,1
bride,899028,531,1
parry,76691,193,1
railing,107483,180,1
sonny,28431,135,1
reuse,672867,264,1
needs,24272602,3624,1
sorry,445423,181,1
dummy,110072,304,1
latin,2176132,1550,1
cages,180491,274,1
pricing,1986147,685,1
shawl,150786,119,1
wares,411423,362,1
hegel,126133,419,1
oxide,5267620,513,1
anton,85256,280,1
arrow,558797,518,1
discs,614425,522,1
smart,378220,721,1
earnings,6782341,907,1
ships,6962013,1465,1
rogue,99807,280,1
judith,326781,540,1
naive,257480,308,1
bless,111504,212,1
meager,64066,95,1
mocking,103226,284,1
trays,228828,341,1
asians,133376,179,1
weaker,415298,361,1
bowed,409870,798,1
flesh,740548,1058,1
daily,7105927,3057,1
tossing,104278,358,1
glove,187926,247,1
query,604142,601,1
shane,31051,166,1
reacts,309893,481,1
burning,1233203,1406,1
nguyen,65104,93,1
ruins,515419,528,1
could,71249772,10222,1
leaved,57265,93,1
adorn,40363,200,1
guard,3444060,1175,1
rufus,83221,275,1
lagos,82362,151,1
voter,644158,524,1
equal,5808361,2477,1
elena,58293,182,1
flies,508122,929,1
aptly,62796,313,1
terms,23838376,2709,1
swore,203034,612,1
ratios,3055699,893,1
hotel,4987465,1712,1
auger,70894,182,1
cyrus,111499,387,1
chips,924582,532,1
cynthia,151894,383,1
purse,156605,315,1
milne,44925,90,1
leaves,6532829,3553,1
afore,95326,189,1
prima,211905,391,1
isaac,434021,828,1
amine,238169,216,1
apple,1017023,972,1
blaze,193094,326,1
spawn,90340,178,1
wilde,73671,240,1
while,53293124,10914,1
clearing,1333719,952,1
alder,78102,104,1
loading,2544395,1159,1
preach,94315,223,1
timer,255031,186,1
weaver,206653,338,1
lurking,110221,388,1
sheaths,94188,171,1
suits,1747802,912,1
taxed,541814,328,1
shade,1208087,982,1
shall,103536356,6251,1
barry,489360,700,1
tending,1996129,1058,1
tiers,90808,163,1
bales,68820,172,1
bower,101021,218,1
cowan,55687,95,1
dialog,616773,428,1
entry,5394845,1701,1
vodka,59095,122,1
turns,1906045,2706,1
cleft,507234,341,1
beers,144247,149,1
lucas,261985,480,1
godly,28982,144,1
moist,444672,448,1
weeds,867672,536,1
nodding,190081,384,1
rossi,34558,78,1
trend,4387248,1150,1
caleb,76861,307,1
pivot,131470,251,1
didst,20177,101,1
drops,1395289,1438,1
myriad,37024,171,1
depot,1266288,480,1
hunting,1349872,1375,1
forms,21444372,5013,1
match,1408066,1186,1
wyatt,77419,252,1
timid,133074,231,1
vests,215912,258,1
ariel,102371,152,1
camel,82224,266,1
about,117162935,10102,1
cults,391911,239,1
honey,875690,926,1
baker,1285374,881,1
scare,98673,224,1
running,4577875,3426,1
venom,76184,219,1
merging,151899,471,1
shops,2433692,941,1
myers,310554,284,1
peggy,147733,348,1
adieu,35612,81,1
dumping,253207,448,1
herring,387866,297,1
cards,3962195,1035,1
throat,321222,576,1
moran,134216,163,1
reacting,197971,378,1
cries,609547,866,1
marcia,67590,211,1
email,390153,439,1
leech,76954,122,1
kills,226180,576,1
wedge,394831,555,1
mound,283024,417,1
engine,8523721,1527,1
angola,120453,210,1
hilly,96653,132,1
meeting,11575550,2550,1
meanings,2839634,817,1
engaging,710921,930,1
talking,1560203,1680,1
gonna,29019,22,1
sykes,33216,86,1
goose,155068,310,1
klein,167088,283,1
guilt,981090,845,1
leader,8930449,1650,1
curls,201123,258,1
cupid,27931,147,1
space,17943898,2969,1
point,22761115,4137,1
dusty,86921,260,1
priory,130820,77,1
gross,3826769,1262,1
scand,7628,29,1
dwelt,179951,545,1
boyer,41374,96,1
gibbs,239142,282,1
boots,817640,577,1
shearing,191624,321,1
malay,136689,333,1
cloud,1365162,1174,1
scent,425861,457,1
sworn,394231,418,1
camping,375337,448,1
burnt,491855,654,1
greed,294042,532,1
stops,1189613,1354,1
larry,411354,710,1
rubbing,284494,576,1
echoed,266907,733,1
cadiz,23421,68,1
tidal,357765,594,1
films,4343555,1538,1
tempt,21924,117,1
pater,22196,97,1
dares,49046,208,1
wards,1077008,467,1
curving,161800,276,1
reddy,5301,25,1
milky,60679,119,1
muted,95082,120,1
unfit,625715,346,1
coals,620175,357,1
jamie,103479,327,1
devon,274080,194,1
sheds,207310,556,1
pouch,270949,276,1
thence,942370,1007,1
brain,3475500,1735,1
reared,365062,463,1
linear,3244168,1250,1
lexis,25463,44,1
braid,64805,147,1
beamed,69258,270,1
lanes,370428,347,1
quoting,182309,492,1
easier,1381794,1060,1
ended,2250642,2181,1
rowan,100856,141,1
motif,466569,659,1
rifle,658039,508,1
thriving,54987,171,1
delle,66021,47,1
mixes,350391,470,1
savior,206920,114,1
servo,124111,200,1
geared,381114,429,1
attic,95953,241,1
sizes,3301395,736,1
gazed,161621,577,1
jimmy,221237,652,1
feasts,228650,299,1
foxes,88915,168,1
taint,81190,191,1
scary,38344,78,1
medal,719578,397,1
greer,157992,132,1
haiti,273607,248,1
croft,30680,82,1
grace,2557044,1849,1
yours,895727,571,1
savoy,72189,109,1
daisy,160701,369,1
meteor,117096,199,1
binds,286870,473,1
libya,103896,258,1
docks,462196,338,1
logos,100506,209,1
flash,642941,929,1
opium,508785,473,1
hired,763610,955,1
grimm,35822,87,1
nexus,237069,271,1
mapping,1653348,884,1
tweed,79221,136,1
heated,799703,735,1
serum,2216124,753,1
aught,50858,198,1
older,2022975,1485,1
cooking,1667401,1035,1
others,7454556,4603,1
strung,80275,345,1
slade,55096,124,1
stack,628531,617,1
thebes,45499,125,1
neatly,169230,640,1
serve,2339143,2194,1
cloak,294946,354,1
upper,2178103,2049,1
quark,68449,137,1
resin,1563551,545,1
fourth,599339,934,1
chewing,198180,409,1
gates,1100204,920,1
isaiah,126501,294,1
hulls,106053,178,1
route,5405472,1706,1
fried,327042,288,1
aunts,90957,87,1
sheen,206941,193,1
spasm,423262,297,1
poetic,502431,857,1
chaos,1248064,848,1
ellis,870419,566,1
voids,140525,263,1
brewing,261817,353,1
pliny,43524,150,1
creep,411086,624,1
bliss,668028,559,1
comet,80573,195,1
nicht,10909,19,1
rarer,24346,48,1
mabel,160937,313,1
marion,535376,689,1
newer,85790,273,1
vitro,422,4,1
blazing,61026,223,1
forty,2445525,1761,1
chert,189170,189,1
emery,156276,259,1
aryan,46367,167,1
jerry,441367,716,1
modal,170559,404,1
avail,193216,405,1
verso,13714,29,1
rolling,1361286,1363,1
acacia,55675,125,1
cheer,200300,412,1
exile,476991,534,1
sayings,285143,343,1
waive,60698,160,1
jenny,175826,442,1
joint,6677913,2222,1
hated,344959,586,1
baird,87423,175,1
cotta,30875,22,1
comma,51679,115,1
rents,2128334,607,1
posed,2002370,1043,1
brett,60326,206,1
tends,3031627,2503,1
bravo,26860,72,1
royal,2545697,1808,1
smile,3941935,1338,1
kicking,127085,374,1
mated,49860,117,1
whale,358258,373,1
mourn,64456,146,1
marin,49979,126,1
gaunt,50600,122,1
tumor,1723104,859,1
stove,751959,376,1
flint,582689,546,1
mongol,26415,140,1
elite,1765392,869,1
levying,84373,152,1
fable,181024,304,1
jorge,76291,200,1
luigi,41162,128,1
trade,20127542,3050,1
plunge,155482,343,1
earthly,114320,436,1
relay,591432,509,1
sects,1244765,292,1
vents,202521,215,1
clark,2180151,1063,1
milking,121709,238,1
annex,418729,354,1
vetoed,110605,132,1
elbow,292232,338,1
bayer,22223,94,1
killing,1105815,1321,1
doves,60437,136,1
spout,81316,145,1
meagre,91152,99,1
proud,622716,828,1
probing,160714,454,1
molding,1371961,376,1
candy,357441,511,1
pests,367278,296,1
gives,7894346,4956,1
irons,350517,188,1
stoke,37077,95,1
hawks,87291,181,1
label,1202104,1174,1
liber,47445,87,1
quest,638658,582,1
treating,696370,939,1
pausing,102494,352,1
rouge,59582,88,1
verse,1917432,997,1
april,12539165,2084,1
staring,533058,967,1
fires,1391633,1047,1
indus,225934,225,1
slide,1056215,1048,1
betty,326110,639,1
breach,1029724,576,1
ceased,2117223,1883,1
broad,1665796,1670,1
parking,1367736,831,1
wrote,6295433,2662,1
wording,329557,280,1
queen,1924691,1592,1
lakhs,8786,22,1
cargo,1536071,974,1
caesar,786563,741,1
drums,339286,489,1
tonal,97769,338,1
chasm,94832,154,1
witch,224815,410,1
cared,766309,600,1
sprung,199520,466,1
smoking,1092900,1063,1
study,29108608,3133,1
ranch,512849,528,1
sense,20478685,2551,1
world,35382242,3716,1
whaling,158437,172,1
favor,781780,868,1
hedge,348459,474,1
genet,33487,89,1
samoa,3868663,86,1
trees,7584017,1856,1
grass,1777115,1249,1
breaking,1727458,1654,1
utopia,241112,274,1
laude,437,4,1
polly,135710,296,1
clothing,2833312,1382,1
fiery,65732,248,1
plans,15387999,2405,1
defer,63603,121,1
nurse,2361343,891,1
bases,4084875,1439,1
mains,283077,233,1
bacon,784014,678,1
loose,768131,1290,1
items,10194774,2095,1
endings,322638,264,1
rafael,70323,168,1
owner,7419060,1426,1
dreamt,14828,73,1
paler,445119,143,1
blend,449005,834,1
bantu,37945,140,1
novel,3283089,1260,1
chase,629049,836,1
repel,42787,122,1
tiger,248369,400,1
simon,699607,1104,1
rainy,75210,169,1
arose,3585009,2172,1
canoes,112083,224,1
sleep,3559722,1524,1
missing,1350071,996,1
gowns,217099,218,1
usual,248723,522,1
treats,455201,913,1
percy,249155,444,1
nothin,7916,37,1
lines,29342437,3366,1
timor,26874,42,1
casting,893239,1129,1
shining,717236,679,1
macon,647911,176,1
crore,454,4,1
niece,133879,201,1
motor,11519186,2268,1
safer,280028,290,1
peering,118106,398,1
feared,544761,959,1
parts,15540175,3432,1
orbit,1155541,503,1
darling,369989,418,1
choking,68895,253,1
lever,961949,494,1
looking,7005439,4140,1
warming,236414,423,1
ranged,1312686,1633,1
shame,456825,697,1
emily,419637,780,1
album,352055,430,1
mckee,53071,102,1
proof,6830503,1427,1
faded,521668,772,1
bully,84056,214,1
silky,106315,144,1
bloch,46242,150,1
demon,196169,447,1
rumor,67588,220,1
cuban,203237,631,1
intro,61510,112,1
guido,50811,172,1
shews,103108,294,1
eocene,152735,117,1
recur,144089,235,1
error,15237990,1644,1
hicks,202034,238,1
taxes,16554009,1098,1
avoid,914413,961,1
sends,570883,1198,1
jacob,797951,1102,1
lyric,293710,403,1
abode,316444,347,1
rushing,191183,604,1
notre,75273,177,1
until,46822508,8737,1
keene,126999,115,1
gable,70291,143,1
jeanne,121809,351,1
shone,271183,610,1
belting,171881,104,1
ayres,45101,87,1
grief,840839,852,1
vigor,693708,488,1
rusty,100182,231,1
bearer,921088,225,1
trips,1640306,739,1
meter,1431428,645,1
option,2993523,1425,1
falls,4855171,2828,1
beset,108042,306,1
janet,312859,560,1
gideon,62185,256,1
basal,680001,717,1
wired,135649,351,1
munro,51904,113,1
roast,107340,248,1
slept,480773,700,1
towel,76547,170,1
leases,995856,554,1
lesion,1068370,494,1
canal,4723868,913,1
rolls,1194107,1047,1
raining,31056,108,1
summing,70478,256,1
notion,2477878,1091,1
virus,1497987,795,1
feeding,2059460,1659,1
wyman,29258,74,1
bulge,109128,231,1
heaped,92485,336,1
dumps,64032,187,1
knowing,1946395,2499,1
train,5234438,1707,1
dazed,145729,107,1
elsie,81685,253,1
slick,22148,122,1
kyoto,183102,147,1
shading,194663,416,1
hereof,579720,187,1
given,23388120,4443,1
blair,302690,434,1
wetting,167511,279,1
copying,657623,539,1
caveat,29171,108,1
risking,33738,158,1
hurst,44263,110,1
yukon,93019,106,1
cocoa,370309,382,1
scott,2554766,1351,1
lucid,91083,203,1
belly,297744,361,1
petty,273243,730,1
shelf,615253,663,1
spare,383183,620,1
fruit,4189885,1859,1
tasks,6390157,1384,1
strings,440796,729,1
oasis,85353,222,1
thymus,108678,136,1
needy,68305,185,1
speck,51469,112,1
ultra,305333,566,1
erase,25504,81,1
loser,70505,122,1
feeling,7956070,2919,1
aston,52185,94,1
titan,41633,159,1
guest,1055331,1015,1
monte,182042,401,1
issuing,538205,753,1
salts,2949508,519,1
filming,52502,168,1
earned,2913801,1267,1
kitty,102740,294,1
gamma,738052,596,1
throwing,521391,1309,1
caste,760892,607,1
waite,54081,77,1
fixed,4620253,2559,1
hauling,226887,393,1
cause,21053667,3096,1
grill,297267,229,1
enemy,2857979,1222,1
meets,1457475,1620,1
seeks,1604773,1565,1
folks,396600,628,1
minds,1909819,1065,1
nymph,164787,169,1
essay,1516014,723,1
misty,39269,109,1
issue,12598838,2451,1
optic,246677,406,1
burma,421673,315,1
asthma,1600061,379,1
haste,646775,376,1
grams,44087,131,1
house,29456477,3485,1
votes,1483681,756,1
wakes,85588,277,1
upton,138117,147,1
reader,3331646,1166,1
groom,73964,192,1
hides,346831,631,1
comte,52830,176,1
gothic,586057,559,1
bison,238278,152,1
thrive,148037,296,1
tours,789844,670,1
braking,194882,262,1
grain,3156185,1757,1
grape,293606,506,1
abiding,47330,197,1
would,152245034,11818,1
crews,419090,578,1
lords,466219,556,1
scene,5990531,1870,1
jesus,2370228,1548,1
apathy,303745,429,1
theater,1462541,1024,1
cigar,216652,359,1
graph,1579412,689,1
gifts,2684909,1158,1
exams,720545,240,1
harry,1491185,1527,1
sunny,144632,266,1
bulls,410773,358,1
moody,161603,327,1
blame,384889,507,1
weather,3018440,1403,1
spots,2058659,1121,1
racial,1883819,1401,1
unite,314507,626,1
noise,4661091,1507,1
trials,8772169,1185,1
tough,295416,578,1
cures,348433,421,1
essex,368814,483,1
squad,379471,307,1
buren,643,1,1
leased,865200,495,1
slits,171971,177,1
nesting,292874,415,1
ports,3439362,904,1
ditch,948258,364,1
ample,1095860,678,1
moves,2364722,2403,1
roofing,375874,344,1
seeking,4076813,2213,1
paige,38816,131,1
cried,783009,1168,1
papua,205894,166,1
fumes,404117,277,1
typed,122968,287,1
bethel,48468,153,1
synod,759382,175,1
reefs,287263,274,1
plaza,670922,405,1
truck,1816313,1148,1
sales,12334925,2358,1
sleek,20832,81,1
sadie,30000,138,1
lofty,92909,307,1
allah,159606,174,1
birch,231044,327,1
paced,72772,277,1
herds,617148,423,1
anson,57259,132,1
obeying,71765,273,1
yates,161803,205,1
amazing,93967,243,1
vinyl,295227,370,1
avery,152190,277,1
uncut,282474,88,1
rowed,27486,129,1
adrian,188189,413,1
shingle,82360,170,1
blink,14947,74,1
wheel,1804220,1023,1
ghent,66083,77,1
tutor,310646,357,1
failing,636865,1038,1
worms,360797,474,1
costa,358541,459,1
doyle,147171,237,1
gulls,73632,114,1
assay,921458,518,1
period,32893537,2851,1
brunt,11987,29,1
iodide,681518,196,1
ferro,129585,140,1
likes,517240,705,1
trout,1401649,515,1
pumps,1886593,647,1
ensuing,81054,190,1
laird,103340,149,1
jacks,110481,162,1
grazing,738719,710,1
hosting,63483,192,1
glaring,73370,270,1
stoic,73670,165,1
notes,11426740,2717,1
linen,479814,563,1
adair,89447,94,1
fowls,299580,182,1
bends,178374,458,1
arising,8287114,1944,1
probe,1263904,764,1
click,597048,584,1
large,11153669,4098,1
lamps,2879352,648,1
butte,394600,197,1
action,37850609,3491,1
swine,327089,415,1
mulch,36048,95,1
sending,861903,1474,1
solar,1767001,1119,1
gerry,104922,217,1
kirby,68903,197,1
filthy,80219,219,1
holds,3165748,2583,1
twine,68790,155,1
mamma,64626,197,1
solid,2679574,1751,1
loamy,96946,58,1
ellie,42353,150,1
messy,40816,112,1
rebel,303910,627,1
alive,1945489,1374,1
kelly,644231,694,1
duane,53024,192,1
winch,112188,178,1
basis,19019521,1966,1
tally,66154,232,1
folding,395905,710,1
boyle,133938,243,1
rails,629053,477,1
gavin,46936,200,1
facet,199461,301,1
solve,339498,381,1
score,2184261,1116,1
pleading,679089,698,1
foaming,70359,192,1
fools,194735,390,1
plane,7816056,1376,1
squid,79747,141,1
imply,474632,824,1
naomi,60676,233,1
nests,242626,414,1
chalk,396366,402,1
lasts,446706,666,1
frown,163543,303,1
stream,4082893,1808,1
leigh,141087,301,1
found,21142404,6212,1
breathing,1398523,1132,1
spend,1199530,890,1
palsy,2789176,94,1
packing,1340486,1011,1
ethiopia,369126,318,1
soles,57696,163,1
klaus,53731,145,1
scars,443121,411,1
ticks,117713,155,1
routing,595044,536,1
hanged,121073,220,1
print,1710309,1252,1
franc,214155,68,1
reveal,1057443,1528,1
arguing,563648,1184,1
fanny,198991,434,1
spacing,648283,468,1
resting,784953,1461,1
light,26547155,4005,1
hates,109622,269,1
roaming,60047,261,1
price,32663113,2257,1
walls,6242713,1617,1
domingo,20822,68,1
yield,5225842,1904,1
moral,4561440,2239,1
depths,808088,751,1
genial,67875,151,1
tyson,23298,94,1
russo,41574,100,1
reese,47324,152,1
lingering,73772,329,1
merck,25320,101,1
humid,86668,151,1
mason,653455,736,1
dates,3712525,1812,1
kilos,3306,11,1
ditto,99200,323,1
vexed,85453,167,1
darby,29161,113,1
forging,166259,329,1
times,21410980,2269,1
awoke,193487,493,1
calling,2420585,2469,1
party,19659334,2863,1
knelt,102816,391,1
hitch,35985,121,1
tense,362991,419,1
cloths,175353,265,1
wages,5300846,1020,1
croix,1763,8,1
viral,629503,546,1
drama,2844210,1247,1
goats,495252,301,1
gould,209916,298,1
pints,12916,31,1
topping,103249,209,1
nobel,92736,156,1
salty,65072,107,1
fasting,325793,351,1
bands,3175082,1530,1
wanting,1099738,1136,1
latch,102252,193,1
oceania,44515,47,1
dixie,58768,130,1
valve,3918073,910,1
maude,52720,155,1
souls,1576914,1063,1
serial,746808,823,1
finds,3073184,2598,1
kraft,129825,191,1
kicks,66341,286,1
pasha,40797,49,1
night,11029718,2334,1
opening,3596967,2431,1
bytes,27273,88,1
omega,64763,166,1
crawl,73274,221,1
julian,304372,636,1
paula,115785,311,1
river,28675829,1988,1
sammy,35656,154,1
strip,1395677,1209,1
ideals,2070668,871,1
perry,547978,647,1
smell,800240,645,1
trier,16850,48,1
posting,215238,383,1
james,8668805,2984,1
diets,784273,417,1
hover,39123,166,1
woolf,34620,135,1
focus,4353691,1802,1
sheep,2122082,1203,1
grind,75617,236,1
fancy,686087,989,1
alien,1225350,932,1
built,7105264,3327,1
glide,116239,370,1
tilting,120343,338,1
wolff,160300,160,1
hedging,111144,220,1
plunging,87969,282,1
piers,751711,399,1
rather,28917251,8553,1
ruler,1022361,659,1
healed,308865,246,1
reagan,286759,512,1
arise,5269705,1511,1
knapp,131769,118,1
chili,100364,176,1
jokes,284934,553,1
sliding,616796,802,1
repeat,720774,901,1
rover,38311,107,1
ropes,179615,349,1
casey,210221,317,1
thrice,82629,371,1
wyoming,1936467,363,1
bloom,575844,691,1
xxxiv,38344,55,1
hooks,258270,479,1
coils,1134548,489,1
ernst,203993,339,1
randy,79814,279,1
boise,109365,169,1
roger,776199,1061,1
haunt,155271,220,1
yards,842901,491,1
spain,3047096,1139,1
bragg,126495,247,1
actin,168693,226,1
pushing,541131,1223,1
sharing,1782676,1284,1
lenin,245832,490,1
yearly,1005295,972,1
amuse,39269,95,1
bryce,99786,146,1
class,19697002,3540,1
fuchs,26492,66,1
seizing,122491,464,1
chess,293058,412,1
funds,13348604,1408,1
backing,1124998,737,1
fleet,3139928,941,1
curly,72304,158,1
nouns,720039,289,1
jungle,465864,503,1
tobias,54976,145,1
flake,167131,224,1
infra,335980,513,1
worst,170197,278,1
raped,140154,116,1
snuff,90303,168,1
sides,6867385,1100,1
nathan,271705,628,1
thoreau,72769,193,1
pathos,182359,358,1
seven,2604098,2185,1
relying,392806,920,1
storm,2193630,1140,1
sewed,33951,130,1
tramp,102314,267,1
duchy,28203,62,1
tanning,127164,217,1
helen,907351,1121,1
added,12343035,3762,1
chaps,70505,213,1
loins,18236,54,1
peaked,141164,402,1
paget,108625,118,1
truly,686789,1548,1
clays,551107,368,1
ferns,192211,234,1
warns,165431,533,1
whiting,118667,178,1
ester,218892,224,1
proxy,137601,352,1
bones,1788378,857,1
amity,90221,140,1
papal,127480,349,1
taped,65665,205,1
vices,319814,410,1
satan,237309,540,1
telling,1324986,1946,1
jumps,241711,502,1
evans,778718,599,1
theorem,875537,462,1
silty,255704,128,1
dusting,74064,201,1
priming,207390,243,1
hound,81939,208,1
silly,134153,291,1
cocks,93353,167,1
islet,70539,179,1
tanks,2397278,823,1
voice,9367985,2323,1
vending,141939,180,1
erred,248345,223,1
quasi,582828,699,1
witty,226773,321,1
cohen,301479,393,1
jails,132047,175,1
trash,194402,474,1
bertha,114757,263,1
units,18756239,2635,1
juicy,37616,93,1
brake,876908,595,1
spears,144980,277,1
diver,82321,183,1
ratings,1423742,776,1
tales,1346493,963,1
apron,235666,274,1
excel,146045,338,1
keyed,67718,233,1
ivory,369203,498,1
juice,972111,506,1
czech,199477,428,1
though,26878499,9363,1
euler,145603,177,1
datum,476689,225,1
clash,291188,450,1
boyce,32378,77,1
nearer,898267,926,1
revue,255834,159,1
holly,232797,407,1
acids,1597778,410,1
drawing,4067535,2547,1
levee,178039,197,1
digit,160645,234,1
refer,2092461,1543,1
genoa,110928,171,1
scrub,177878,316,1
roads,6146054,1360,1
shears,161592,189,1
turks,218868,342,1
sparing,81105,205,1
leeds,341182,301,1
fibre,1124088,671,1
midst,6670,66,1
mecca,50725,136,1
themes,2484265,1173,1
chute,173074,182,1
wiped,192338,582,1
remit,101536,176,1
heirs,405929,428,1
rites,1828483,640,1
marie,854313,942,1
flank,225885,359,1
fargo,58396,102,1
ahmad,126480,147,1
owned,10146145,1688,1
cubic,1029626,344,1
dashing,76433,244,1
mover,42743,93,1
bribe,64654,152,1
renting,103569,182,1
wrist,218068,363,1
drury,56738,108,1
scots,136039,343,1
slump,319506,224,1
yeoman,100530,179,1
chasing,103634,410,1
joining,654531,1135,1
abuse,4511783,1146,1
sorting,346273,522,1
bending,890928,896,1
creed,1484655,546,1
elmer,187317,329,1
burke,375079,629,1
havoc,112198,129,1
clamp,209237,308,1
peanut,152358,296,1
dealer,1308891,731,1
creamy,80464,174,1
ledge,250587,276,1
butts,40071,130,1
noses,131954,182,1
mares,175604,129,1
bills,7009250,1249,1
kingdom,1478362,683,1
xviii,201934,242,1
draft,2592653,1019,1
skirt,271346,371,1
radial,696639,701,1
scarf,114175,179,1
jared,34738,160,1
wasting,163960,367,1
marks,4455042,2180,1
pulse,2188321,1055,1
argus,67259,118,1
ridge,3036114,957,1
hairs,1001895,410,1
dreaming,152496,408,1
aaron,252941,606,1
jewry,519989,107,1
abyss,151402,195,1
poker,64663,187,1
mclean,188384,229,1
tight,802586,897,1
windy,24955,96,1
oceans,391331,241,1
foods,4023430,984,1
tiled,52379,187,1
ulcer,1689601,271,1
whore,67717,264,1
broom,84525,240,1
slabs,852856,418,1
fifths,42688,25,1
stole,259780,704,1
pinion,58531,146,1
gaily,99616,237,1
julie,218971,494,1
steel,13947193,2063,1
feeds,664998,781,1
cornea,50123,106,1
codes,3511177,1132,1
horns,451278,449,1
edges,2324400,961,1
intel,77740,226,1
moved,5841866,3523,1
admit,714790,769,1
shaking,758478,1004,1
booking,86034,219,1
greasy,69299,148,1
amusing,221157,387,1
hives,75544,155,1
widen,44699,138,1
poetry,5841945,1671,1
enter,2427954,1986,1
prays,203288,223,1
human,13124469,4099,1
josiah,141675,330,1
scaling,420811,606,1
fuzzy,346447,367,1
masking,203185,345,1
drove,832727,1823,1
inert,281447,369,1
colin,236693,460,1
rider,339397,425,1
snowy,31983,144,1
drown,34176,106,1
views,9289333,2182,1
bland,107082,237,1
coast,11286720,1047,1
appear,8825801,4689,1
scoop,48910,168,1
craft,1230729,1163,1
coating,1284266,754,1
weeping,250698,470,1
shewn,77475,170,1
sophia,363660,358,1
studio,627767,810,1
deadly,158666,351,1
dozen,24592,70,1
finch,93333,177,1
shiny,162332,227,1
washing,931950,953,1
brood,186648,449,1
trust,9950481,2071,1
galen,70164,151,1
syrian,179414,397,1
surge,334726,603,1
roles,4002305,1153,1
lilly,47351,190,1
motion,10746040,2167,1
drunk,474473,601,1
olson,114331,183,1
fence,1019533,597,1
close,6802142,4090,1
rigor,165473,262,1
stage,9951496,3038,1
swearing,88777,338,1
coats,465070,532,1
flaps,205156,270,1
heine,405049,121,1
pouring,294603,708,1
flood,1847992,1396,1
pagan,205315,542,1
rajah,16023,61,1
grown,1971132,1154,1
olsen,40173,96,1
forum,2129318,748,1
lumen,203798,166,1
exits,137843,298,1
palms,340313,375,1
drink,880960,971,1
comes,8031739,5086,1
peter,2938118,2354,1
gomez,67714,123,1
upset,748944,609,1
zambia,161058,169,1
blaming,61538,256,1
egypt,1093972,974,1
regal,35438,160,1
chord,349002,378,1
texas,5635275,1342,1
write,2393128,1555,1
vision,6111982,1887,1
handing,119043,432,1
downing,83180,179,1
caves,334703,419,1
honor,1023651,919,1
fluid,5235066,1563,1
santo,38139,125,1
equip,433138,320,1
sloop,81697,130,1
delay,2471268,1236,1
bruno,66963,311,1
towed,48449,152,1
koran,6853,28,1
fetus,415779,173,1
berry,326357,533,1
etching,483662,328,1
snail,62555,272,1
plumb,28279,104,1
dancing,986747,1136,1
breathe,206181,240,1
oblong,1002675,292,1
envoy,217195,221,1
beech,290991,258,1
kissing,167827,405,1
volts,493433,64,1
blows,494843,658,1
award,5184398,1433,1
blest,72847,137,1
brink,31952,87,1
clair,16259,68,1
larvae,1102965,539,1
irene,218263,403,1
pussy,49173,102,1
rhythm,1634465,958,1
wraps,58711,214,1
aloud,860378,444,1
odour,457355,289,1
driving,3155193,1988,1
kline,47050,76,1
slows,152441,341,1
mooring,65010,196,1
blast,776823,828,1
helix,144671,203,1
trunk,775712,773,1
crank,170442,255,1
supra,2454118,1329,1
notch,368497,308,1
hence,1413376,2471,1
valor,169710,190,1
poked,38573,262,1
zaire,136030,102,1
ensue,182981,215,1
healthy,1904486,1025,1
theirs,367858,636,1
chick,228255,326,1
oiled,68490,128,1
ranking,545683,635,1
osage,47402,103,1
judge,14694239,1788,1
pride,2078760,1518,1
bells,512584,470,1
which,412832448,14245,1
after,80437948,10413,1
teens,253862,241,1
median,770086,622,1
thorax,65814,144,1
thumbs,25827,104,1
adler,107497,177,1
dodge,261916,387,1
wound,2103787,1271,1
dizzy,108467,106,1
spoke,2395383,2419,1
cross,10480030,3316,1
masse,4978,19,1
bonus,474870,461,1
anode,289021,287,1
niger,58392,139,1
selling,2465653,1401,1
crust,341383,424,1
sharp,1154222,1317,1
dungeon,80430,107,1
water,35453889,4545,1
waves,4537216,1313,1
gliding,77952,335,1
canto,29904,55,1
hoops,42889,128,1
eight,3576469,2631,1
bunch,236417,491,1
turin,39776,89,1
fusion,1412496,889,1
radon,123665,234,1
annum,27556,9,1
fetal,744713,570,1
soaring,78001,300,1
looming,91264,279,1
newly,474234,1179,1
rated,695342,696,1
wealthy,264064,469,1
rigging,58772,196,1
pools,1034965,762,1
alarm,894713,788,1
picks,234255,590,1
adams,1455090,997,1
pedal,124769,222,1
bonds,13395078,1321,1
circa,119688,374,1
locking,391752,489,1
saudi,271289,487,1
fares,1379951,377,1
wedding,460435,697,1
nasal,490325,627,1
liked,631147,925,1
small,12227241,4628,1
rhyme,274827,420,1
lilac,95727,143,1
troop,360507,609,1
albion,58098,168,1
parks,1436514,748,1
razor,280776,213,1
hague,27886,77,1
ganges,9010,34,1
stock,10685054,2746,1
angina,563679,193,1
engage,1038986,796,1
magna,145322,148,1
rests,2078650,1852,1
hanna,97083,223,1
exact,444189,701,1
deems,258414,260,1
whorl,51358,91,1
fixes,195912,523,1
shunt,182455,243,1
makes,11144479,5827,1
nylon,180398,320,1
eagles,114762,207,1
quiet,1929588,1111,1
yarns,454613,250,1
paces,25407,114,1
martha,541793,757,1
pudding,99339,166,1
telex,137697,147,1
argon,236596,220,1
expel,23680,94,1
puget,52486,112,1
tuber,56192,180,1
relic,189911,313,1
dewey,298774,438,1
quick,866650,1274,1
theatre,3161932,1337,1
lapse,258583,337,1
unity,4598630,1247,1
lotus,196299,278,1
seaman,628363,299,1
weiss,120831,193,1
fiske,51929,75,1
first,29303558,7376,1
clothe,23746,92,1
playing,2567087,2286,1
bearings,903593,509,1
lemma,86073,151,1
honda,122792,116,1
falling,1972108,2070,1
tiles,432812,441,1
andes,97929,61,1
benny,33548,177,1
tarsi,96806,52,1
music,10813530,2945,1
thorpe,77423,139,1
sarah,1057619,1162,1
urged,1613507,1536,1
framing,306193,589,1
arena,876481,616,1
